{
  "summary": {
    "completed": 100,
    "failed": 0,
    "total_input_tokens": 200000,
    "total_output_tokens": 1000000,
    "request_throughput": 0.006915146411536901,
    "output_throughput": 69.15146411536901,
    "total_token_throughput": 82.98175693844281,
    "mean_ttft_ms": 137245.97582945134,
    "median_ttft_ms": 143872.35944648273,
    "std_ttft_ms": 64267.914470168536,
    "p99_ttft_ms": 333740.0788565403,
    "mean_tpot_ms": 98.68523216064901,
    "median_tpot_ms": 100.47730836706297,
    "std_tpot_ms": 10.498049340898655,
    "p99_tpot_ms": 119.37610552889281,
    "mean_itl_ms": 98.68523219702729,
    "median_itl_ms": 63.641991233453155,
    "std_itl_ms": 2123.7942459794635,
    "p99_itl_ms": 75.56309160310775,
    "avg_gpu_util_%": 100.0,
    "max_gpu_util_%": 100.0,
    "min_gpu_util_%": 100.0,
    "avg_gpu_memory_used_mb": 77911.9634905269,
    "max_gpu_memory_used_mb": 77912.0,
    "avg_gpu_memory_free_mb": 3125.036509473102,
    "min_gpu_memory_free_mb": 3125.0
  },
  "requests": {
    "request_id 0": {
      "prompt_tokens": 2000,
      "output_tokens": 10000,
      "ttft": 0.1900197509676218,
      "e2el": 583.598166257143
    },
    "request_id 1": {
      "prompt_tokens": 2000,
      "output_tokens": 10000,
      "ttft": 0.8917069700546563,
      "e2el": 814.3194517791271
    },
    "request_id 2": {
      "prompt_tokens": 2000,
      "output_tokens": 10000,
      "ttft": 0.8904034150764346,
      "e2el": 585.6239308333024
    },
    "request_id 3": {
      "prompt_tokens": 2000,
      "output_tokens": 10000,
      "ttft": 0.8899146011099219,
      "e2el": 642.3605468743481
    },
    "request_id 4": {
      "prompt_tokens": 2000,
      "output_tokens": 10000,
      "ttft": 0.8879508026875556,
      "e2el": 1028.0702037969604
    },
    "request_id 5": {
      "prompt_tokens": 2000,
      "output_tokens": 10000,
      "ttft": 0.8873221199028194,
      "e2el": 917.6877270806581
    },
    "request_id 6": {
      "prompt_tokens": 2000,
      "output_tokens": 10000,
      "ttft": 0.8872144822962582,
      "e2el": 1192.4356872923672
    },
    "request_id 7": {
      "prompt_tokens": 2000,
      "output_tokens": 10000,
      "ttft": 0.881277431268245,
      "e2el": 1353.9150349609554
    },
    "request_id 8": {
      "prompt_tokens": 2000,
      "output_tokens": 10000,
      "ttft": 231.65498245786875,
      "e2el": 959.8121797940694
    },
    "request_id 9": {
      "prompt_tokens": 2000,
      "output_tokens": 10000,
      "ttft": 332.97171697905287,
      "e2el": 1016.0370694641024
    },
    "request_id 10": {
      "prompt_tokens": 2000,
      "output_tokens": 10000,
      "ttft": 276.2339152530767,
      "e2el": 1101.1676799897105
    },
    "request_id 11": {
      "prompt_tokens": 2000,
      "output_tokens": 10000,
      "ttft": 104.27739717811346,
      "e2el": 1146.803998727817
    },
    "request_id 12": {
      "prompt_tokens": 2000,
      "output_tokens": 10000,
      "ttft": 111.0175307188183,
      "e2el": 1173.1291361819021
    },
    "request_id 13": {
      "prompt_tokens": 2000,
      "output_tokens": 10000,
      "ttft": 0.8594368621706963,
      "e2el": 1172.272022653371
    },
    "request_id 14": {
      "prompt_tokens": 2000,
      "output_tokens": 10000,
      "ttft": 409.807904727757,
      "e2el": 1150.8341847867705
    },
    "request_id 15": {
      "prompt_tokens": 2000,
      "output_tokens": 10000,
      "ttft": 248.32258503511548,
      "e2el": 1157.0582220400684
    },
    "request_id 16": {
      "prompt_tokens": 2000,
      "output_tokens": 10000,
      "ttft": 58.83727140119299,
      "e2el": 1107.9370190910995
    },
    "request_id 17": {
      "prompt_tokens": 2000,
      "output_tokens": 10000,
      "ttft": 0.8063787538558245,
      "e2el": 1179.5411713076755
    },
    "request_id 18": {
      "prompt_tokens": 2000,
      "output_tokens": 10000,
      "ttft": 0.9477845244109631,
      "e2el": 1192.9794430504553
    },
    "request_id 19": {
      "prompt_tokens": 2000,
      "output_tokens": 10000,
      "ttft": 240.167277880013,
      "e2el": 1117.9650950087234
    },
    "request_id 20": {
      "prompt_tokens": 2000,
      "output_tokens": 10000,
      "ttft": 110.46954397438094,
      "e2el": 1124.9162942394614
    },
    "request_id 21": {
      "prompt_tokens": 2000,
      "output_tokens": 10000,
      "ttft": 143.92143829725683,
      "e2el": 1171.0193447880447
    },
    "request_id 22": {
      "prompt_tokens": 2000,
      "output_tokens": 10000,
      "ttft": 309.1039868472144,
      "e2el": 1168.384271660354
    },
    "request_id 23": {
      "prompt_tokens": 2000,
      "output_tokens": 10000,
      "ttft": 141.39468186767772,
      "e2el": 1133.882561916951
    },
    "request_id 24": {
      "prompt_tokens": 2000,
      "output_tokens": 10000,
      "ttft": 130.82696852227673,
      "e2el": 1147.5757460873574
    },
    "request_id 25": {
      "prompt_tokens": 2000,
      "output_tokens": 10000,
      "ttft": 156.34232321288437,
      "e2el": 1166.7080551255494
    },
    "request_id 26": {
      "prompt_tokens": 2000,
      "output_tokens": 10000,
      "ttft": 143.60837952932343,
      "e2el": 1142.808368390426
    },
    "request_id 27": {
      "prompt_tokens": 2000,
      "output_tokens": 10000,
      "ttft": 137.6682490510866,
      "e2el": 1146.44137781905
    },
    "request_id 28": {
      "prompt_tokens": 2000,
      "output_tokens": 10000,
      "ttft": 156.6515600439161,
      "e2el": 1161.2751177735627
    },
    "request_id 29": {
      "prompt_tokens": 2000,
      "output_tokens": 10000,
      "ttft": 141.30258281808347,
      "e2el": 1143.3963443241082
    },
    "request_id 30": {
      "prompt_tokens": 2000,
      "output_tokens": 10000,
      "ttft": 134.2043155808933,
      "e2el": 1145.3268953161314
    },
    "request_id 31": {
      "prompt_tokens": 2000,
      "output_tokens": 10000,
      "ttft": 155.1072879540734,
      "e2el": 1161.864467495121
    },
    "request_id 32": {
      "prompt_tokens": 2000,
      "output_tokens": 10000,
      "ttft": 150.01202259259298,
      "e2el": 1148.228622940369
    },
    "request_id 33": {
      "prompt_tokens": 2000,
      "output_tokens": 10000,
      "ttft": 132.40435824077576,
      "e2el": 1140.5484173689038
    },
    "request_id 34": {
      "prompt_tokens": 2000,
      "output_tokens": 10000,
      "ttft": 147.25408554496244,
      "e2el": 1156.963077695109
    },
    "request_id 35": {
      "prompt_tokens": 2000,
      "output_tokens": 10000,
      "ttft": 152.50267860712484,
      "e2el": 1154.8693662020378
    },
    "request_id 36": {
      "prompt_tokens": 2000,
      "output_tokens": 10000,
      "ttft": 138.75049939285964,
      "e2el": 1143.3549194596708
    },
    "request_id 37": {
      "prompt_tokens": 2000,
      "output_tokens": 10000,
      "ttft": 143.23090479290113,
      "e2el": 1150.0562549061142
    },
    "request_id 38": {
      "prompt_tokens": 2000,
      "output_tokens": 10000,
      "ttft": 150.77753205783665,
      "e2el": 1155.0787338628434
    },
    "request_id 39": {
      "prompt_tokens": 2000,
      "output_tokens": 10000,
      "ttft": 141.42799807107076,
      "e2el": 1146.974065080285
    },
    "request_id 40": {
      "prompt_tokens": 2000,
      "output_tokens": 10000,
      "ttft": 142.32538955565542,
      "e2el": 1147.2473428156227
    },
    "request_id 41": {
      "prompt_tokens": 2000,
      "output_tokens": 10000,
      "ttft": 148.85735769104213,
      "e2el": 1153.8450432340614
    },
    "request_id 42": {
      "prompt_tokens": 2000,
      "output_tokens": 10000,
      "ttft": 145.12859608000144,
      "e2el": 1150.2898539490998
    },
    "request_id 43": {
      "prompt_tokens": 2000,
      "output_tokens": 10000,
      "ttft": 140.9859458920546,
      "e2el": 1144.6372032170184
    },
    "request_id 44": {
      "prompt_tokens": 2000,
      "output_tokens": 10000,
      "ttft": 145.4885772918351,
      "e2el": 1151.6617521927692
    },