{
  "summary": {
    "completed": 100,
    "failed": 0,
    "total_input_tokens": 1000000,
    "total_output_tokens": 200000,
    "request_throughput": 0.021286300302946988,
    "output_throughput": 42.57260060589398,
    "total_token_throughput": 255.43560363536386,
    "mean_ttft_ms": 226697.7051440766,
    "median_ttft_ms": 236893.5889485292,
    "std_ttft_ms": 43320.20538481741,
    "p99_ttft_ms": 246703.9744472085,
    "mean_tpot_ms": 68.95250588993945,
    "median_tpot_ms": 69.30251362017931,
    "std_tpot_ms": 3.2668800037840335,
    "p99_tpot_ms": 75.51386483584588,
    "mean_itl_ms": 68.95250612776215,
    "median_itl_ms": 62.95416899956763,
    "std_itl_ms": 325.73245012593213,
    "p99_itl_ms": 81.65878363419324,
    "avg_gpu_util_%": 100.0,
    "max_gpu_util_%": 100.0,
    "min_gpu_util_%": 100.0,
    "avg_gpu_memory_used_mb": 77714.69987228607,
    "max_gpu_memory_used_mb": 77890.0,
    "avg_gpu_memory_free_mb": 3326.3358876117495,
    "min_gpu_memory_free_mb": 3147.0
  },
  "requests": {
    "request_id 0": {
      "prompt_tokens": 10000,
      "output_tokens": 2000,
      "ttft": 1.1336874109692872,
      "e2el": 115.72061543818563
    },
    "request_id 1": {
      "prompt_tokens": 10000,
      "output_tokens": 2000,
      "ttft": 119.10923131508753,
      "e2el": 251.66895311605185
    },
    "request_id 2": {
      "prompt_tokens": 10000,
      "output_tokens": 2000,
      "ttft": 2.977879703976214,
      "e2el": 117.97620511660352
    },
    "request_id 3": {
      "prompt_tokens": 10000,
      "output_tokens": 2000,
      "ttft": 241.1835896312259,
      "e2el": 362.5238657412119
    },
    "request_id 4": {
      "prompt_tokens": 10000,
      "output_tokens": 2000,
      "ttft": 2.976407775655389,
      "e2el": 173.94136911677197
    },
    "request_id 5": {
      "prompt_tokens": 10000,
      "output_tokens": 2000,
      "ttft": 117.97491997107863,
      "e2el": 239.03987013176084
    },
    "request_id 6": {
      "prompt_tokens": 10000,
      "output_tokens": 2000,
      "ttft": 176.11692022439092,
      "e2el": 326.86698741745204
    },
    "request_id 7": {
      "prompt_tokens": 10000,
      "output_tokens": 2000,
      "ttft": 252.66023717587814,
      "e2el": 402.62370964419097
    },
    "request_id 8": {
      "prompt_tokens": 10000,
      "output_tokens": 2000,
      "ttft": 213.38998838188127,
      "e2el": 348.73519200179726
    },
    "request_id 9": {
      "prompt_tokens": 10000,
      "output_tokens": 2000,
      "ttft": 246.6438101772219,
      "e2el": 376.35663600219414
    },
    "request_id 10": {
      "prompt_tokens": 10000,
      "output_tokens": 2000,
      "ttft": 230.81768322223797,
      "e2el": 378.2826469009742
    },
    "request_id 11": {
      "prompt_tokens": 10000,
      "output_tokens": 2000,
      "ttft": 227.55309724621475,
      "e2el": 355.2937946189195
    },
    "request_id 12": {
      "prompt_tokens": 10000,
      "output_tokens": 2000,
      "ttft": 244.7717784428969,
      "e2el": 387.52560736378655
    },
    "request_id 13": {
      "prompt_tokens": 10000,
      "output_tokens": 2000,
      "ttft": 227.52559883287176,
      "e2el": 364.5235811667517
    },
    "request_id 14": {
      "prompt_tokens": 10000,
      "output_tokens": 2000,
      "ttft": 233.96443615388125,
      "e2el": 369.0372419669293
    },
    "request_id 15": {
      "prompt_tokens": 10000,
      "output_tokens": 2000,
      "ttft": 238.71987759880722,
      "e2el": 380.26847084704787
    },
    "request_id 16": {
      "prompt_tokens": 10000,
      "output_tokens": 2000,
      "ttft": 229.1146077872254,
      "e2el": 362.8244138294831
    },
    "request_id 17": {
      "prompt_tokens": 10000,
      "output_tokens": 2000,
      "ttft": 239.38355701928958,
      "e2el": 379.2279456304386
    },
    "request_id 18": {
      "prompt_tokens": 10000,
      "output_tokens": 2000,
      "ttft": 232.84269095724449,
      "e2el": 370.2713516592048
    },
    "request_id 19": {
      "prompt_tokens": 10000,
      "output_tokens": 2000,
      "ttft": 235.09029919328168,
      "e2el": 371.8758210744709
    },
    "request_id 20": {
      "prompt_tokens": 10000,
      "output_tokens": 2000,
      "ttft": 236.51208198303357,
      "e2el": 376.0217126850039
    },
    "request_id 21": {
      "prompt_tokens": 10000,
      "output_tokens": 2000,
      "ttft": 233.26416392205283,
      "e2el": 369.10631979769096
    },
    "request_id 22": {
      "prompt_tokens": 10000,
      "output_tokens": 2000,
      "ttft": 236.81808918574825,
      "e2el": 376.3676794297062
    },
    "request_id 23": {
      "prompt_tokens": 10000,
      "output_tokens": 2000,
      "ttft": 234.4768411652185,
      "e2el": 372.19859965285286
    },
    "request_id 24": {
      "prompt_tokens": 10000,
      "output_tokens": 2000,
      "ttft": 235.4074561400339,
      "e2el": 373.50508147571236
    },
    "request_id 25": {
      "prompt_tokens": 10000,
      "output_tokens": 2000,
      "ttft": 236.53837805008516,
      "e2el": 375.3769385856576
    },
    "request_id 26": {
      "prompt_tokens": 10000,
      "output_tokens": 2000,
      "ttft": 234.77528179902583,
      "e2el": 372.0172199597582
    },
    "request_id 27": {
      "prompt_tokens": 10000,
      "output_tokens": 2000,
      "ttft": 236.73541793227196,
      "e2el": 375.61980355437845
    },
    "request_id 28": {
      "prompt_tokens": 10000,
      "output_tokens": 2000,
      "ttft": 235.89370911708102,
      "e2el": 373.9249314907938
    },
    "request_id 29": {
      "prompt_tokens": 10000,
      "output_tokens": 2000,
      "ttft": 236.18181340396404,
      "e2el": 374.35258708288893
    },
    "request_id 30": {
      "prompt_tokens": 10000,
      "output_tokens": 2000,
      "ttft": 236.0698682940565,
      "e2el": 375.0925317942165
    },
    "request_id 31": {
      "prompt_tokens": 10000,
      "output_tokens": 2000,
      "ttft": 236.2140979343094,
      "e2el": 373.5485070720315
    },
    "request_id 32": {
      "prompt_tokens": 10000,
      "output_tokens": 2000,
      "ttft": 236.24292701110244,
      "e2el": 375.3764375518076
    },
    "request_id 33": {
      "prompt_tokens": 10000,
      "output_tokens": 2000,
      "ttft": 236.25752552226186,
      "e2el": 374.4041065094061
    },
    "request_id 34": {
      "prompt_tokens": 10000,
      "output_tokens": 2000,
      "ttft": 236.3063784702681,
      "e2el": 374.96340571623296
    },
    "request_id 35": {
      "prompt_tokens": 10000,
      "output_tokens": 2000,
      "ttft": 236.50166857475415,
      "e2el": 375.5351953417994
    },
    "request_id 36": {
      "prompt_tokens": 10000,
      "output_tokens": 2000,
      "ttft": 236.38228053739294,
      "e2el": 374.336546712555
    },
    "request_id 37": {
      "prompt_tokens": 10000,
      "output_tokens": 2000,
      "ttft": 236.80137647408992,
      "e2el": 376.0011358661577
    },
    "request_id 38": {
      "prompt_tokens": 10000,
      "output_tokens": 2000,
      "ttft": 236.52143549500033,
      "e2el": 374.99496151227504
    },
    "request_id 39": {
      "prompt_tokens": 10000,
      "output_tokens": 2000,
      "ttft": 237.01978566497564,
      "e2el": 375.7762337671593
    },
    "request_id 40": {
      "prompt_tokens": 10000,
      "output_tokens": 2000,
      "ttft": 236.87433348363265,
      "e2el": 375.8444255334325
    },
    "request_id 41": {
      "prompt_tokens": 10000,
      "output_tokens": 2000,
      "ttft": 236.85053684795275,
      "e2el": 375.0859265248291
    },
    "request_id 42": {
      "prompt_tokens": 10000,
      "output_tokens": 2000,
      "ttft": 237.12358796223998,
      "e2el": 376.35302037000656
    },
    "request_id 43": {
      "prompt_tokens": 10000,
      "output_tokens": 2000,
      "ttft": 236.8104798719287,
      "e2el": 375.04814893985167
    },
    "request_id 44": {
      "prompt_tokens": 10000,
      "output_tokens": 2000,
      "ttft": 237.11872789170593,
      "e2el": 376.411535743624
    },