{
  "summary": {
    "completed": 100,
    "failed": 0,
    "total_input_tokens": 1000000,
    "total_output_tokens": 200000,
    "request_throughput": 0.3664204497138192,
    "output_throughput": 732.8408994276384,
    "total_token_throughput": 4397.04539656583,
    "mean_ttft_ms": 688.9993777265772,
    "median_ttft_ms": 584.6263288985938,
    "std_ttft_ms": 266.1826058415381,
    "p99_ttft_ms": 1019.4904572097585,
    "mean_tpot_ms": 10.282629129310056,
    "median_tpot_ms": 10.427467269811773,
    "std_tpot_ms": 0.6820272427531682,
    "p99_tpot_ms": 10.86246931008769,
    "mean_itl_ms": 10.282629251532748,
    "median_itl_ms": 10.200812481343746,
    "std_itl_ms": 6.693210770974973,
    "p99_itl_ms": 11.632354464381935,
    "avg_gpu_util_%": 82.63468634686348,
    "max_gpu_util_%": 96.0,
    "min_gpu_util_%": 66.0,
    "avg_gpu_memory_used_mb": 74460.30258302583,
    "max_gpu_memory_used_mb": 74602.0,
    "avg_gpu_memory_free_mb": 6576.69741697417,
    "min_gpu_memory_free_mb": 6435.0
  },
  "requests": {
    "request_id 0": {
      "prompt_tokens": 10000,
      "output_tokens": 2000,
      "ttft": 0.21785352192819118,
      "e2el": 21.41028253408149
    },
    "request_id 1": {
      "prompt_tokens": 10000,
      "output_tokens": 2000,
      "ttft": 0.9644128708168864,
      "e2el": 21.432223985902965
    },
    "request_id 2": {
      "prompt_tokens": 10000,
      "output_tokens": 2000,
      "ttft": 0.5858435770496726,
      "e2el": 21.420681594870985
    },
    "request_id 3": {
      "prompt_tokens": 10000,
      "output_tokens": 2000,
      "ttft": 0.5852475659921765,
      "e2el": 21.42004295391962
    },
    "request_id 4": {
      "prompt_tokens": 10000,
      "output_tokens": 2000,
      "ttft": 0.584005091805011,
      "e2el": 21.418603242840618
    },
    "request_id 5": {
      "prompt_tokens": 10000,
      "output_tokens": 2000,
      "ttft": 0.961172201205045,
      "e2el": 21.43026723107323
    },
    "request_id 6": {
      "prompt_tokens": 10000,
      "output_tokens": 2000,
      "ttft": 1.042487083002925,
      "e2el": 21.433085889089853
    },
    "request_id 7": {
      "prompt_tokens": 10000,
      "output_tokens": 2000,
      "ttft": 0.9603484319522977,
      "e2el": 21.427999046165496
    },
    "request_id 8": {
      "prompt_tokens": 10000,
      "output_tokens": 2000,
      "ttft": 0.1965248789638281,
      "e2el": 21.33088572183624
    },
    "request_id 9": {
      "prompt_tokens": 10000,
      "output_tokens": 2000,
      "ttft": 0.5534600429236889,
      "e2el": 21.333166842814535
    },
    "request_id 10": {
      "prompt_tokens": 10000,
      "output_tokens": 2000,
      "ttft": 0.5528903999365866,
      "e2el": 21.332629745826125
    },
    "request_id 11": {
      "prompt_tokens": 10000,
      "output_tokens": 2000,
      "ttft": 0.5526421302929521,
      "e2el": 21.33210243564099
    },
    "request_id 12": {
      "prompt_tokens": 10000,
      "output_tokens": 2000,
      "ttft": 0.9241853351704776,
      "e2el": 21.33542351424694
    },
    "request_id 13": {
      "prompt_tokens": 10000,
      "output_tokens": 2000,
      "ttft": 0.9233444193378091,
      "e2el": 21.334954279940575
    },
    "request_id 14": {
      "prompt_tokens": 10000,
      "output_tokens": 2000,
      "ttft": 0.9226126661524177,
      "e2el": 21.33309971028939
    },
    "request_id 15": {
      "prompt_tokens": 10000,
      "output_tokens": 2000,
      "ttft": 1.0061577428132296,
      "e2el": 21.332161673810333
    },
    "request_id 16": {
      "prompt_tokens": 10000,
      "output_tokens": 2000,
      "ttft": 0.18228927068412304,
      "e2el": 21.244854888878763
    },
    "request_id 17": {
      "prompt_tokens": 10000,
      "output_tokens": 2000,
      "ttft": 0.5250909011811018,
      "e2el": 21.244839758146554
    },
    "request_id 18": {
      "prompt_tokens": 10000,
      "output_tokens": 2000,
      "ttft": 0.524425198789686,
      "e2el": 21.244202754460275
    },
    "request_id 19": {
      "prompt_tokens": 10000,
      "output_tokens": 2000,
      "ttft": 0.5238688290119171,
      "e2el": 21.243545157834888
    },
    "request_id 20": {
      "prompt_tokens": 10000,
      "output_tokens": 2000,
      "ttft": 0.8849598001688719,
      "e2el": 21.24518592376262
    },
    "request_id 21": {
      "prompt_tokens": 10000,
      "output_tokens": 2000,
      "ttft": 0.8841430419124663,
      "e2el": 21.243217897135764
    },
    "request_id 22": {
      "prompt_tokens": 10000,
      "output_tokens": 2000,
      "ttft": 0.8833211855962873,
      "e2el": 21.242550981696695
    },
    "request_id 23": {
      "prompt_tokens": 10000,
      "output_tokens": 2000,
      "ttft": 0.999038752168417,
      "e2el": 21.243482391815633
    },
    "request_id 24": {
      "prompt_tokens": 10000,
      "output_tokens": 2000,
      "ttft": 0.19832997070625424,
      "e2el": 20.891999422572553
    },
    "request_id 25": {
      "prompt_tokens": 10000,
      "output_tokens": 2000,
      "ttft": 0.5380205549299717,
      "e2el": 20.891232498921454
    },
    "request_id 26": {
      "prompt_tokens": 10000,
      "output_tokens": 2000,
      "ttft": 0.5373079259879887,
      "e2el": 20.89054406899959
    },
    "request_id 27": {
      "prompt_tokens": 10000,
      "output_tokens": 2000,
      "ttft": 0.5368224158883095,
      "e2el": 20.88982108561322
    },
    "request_id 28": {
      "prompt_tokens": 10000,
      "output_tokens": 2000,
      "ttft": 0.8978452039882541,
      "e2el": 20.88976375106722
    },
    "request_id 29": {
      "prompt_tokens": 10000,
      "output_tokens": 2000,
      "ttft": 1.0145234200172126,
      "e2el": 20.89225208433345
    },
    "request_id 30": {
      "prompt_tokens": 10000,
      "output_tokens": 2000,
      "ttft": 0.8970795939676464,
      "e2el": 20.890257851220667
    },
    "request_id 31": {
      "prompt_tokens": 10000,
      "output_tokens": 2000,
      "ttft": 0.8964225281961262,
      "e2el": 20.888114371336997
    },
    "request_id 32": {
      "prompt_tokens": 10000,
      "output_tokens": 2000,
      "ttft": 0.19237705506384373,
      "e2el": 20.78310691518709
    },
    "request_id 33": {
      "prompt_tokens": 10000,
      "output_tokens": 2000,
      "ttft": 0.5519599029794335,
      "e2el": 20.783809524029493
    },
    "request_id 34": {
      "prompt_tokens": 10000,
      "output_tokens": 2000,
      "ttft": 0.5512128439731896,
      "e2el": 20.78285128576681
    },
    "request_id 35": {
      "prompt_tokens": 10000,
      "output_tokens": 2000,
      "ttft": 0.5507203107699752,
      "e2el": 20.78254784317687
    },
    "request_id 36": {
      "prompt_tokens": 10000,
      "output_tokens": 2000,
      "ttft": 0.9248509840108454,
      "e2el": 20.782090003136545
    },
    "request_id 37": {
      "prompt_tokens": 10000,
      "output_tokens": 2000,
      "ttft": 0.9240126390941441,
      "e2el": 20.781439201906323
    },
    "request_id 38": {
      "prompt_tokens": 10000,
      "output_tokens": 2000,
      "ttft": 0.9234588309191167,
      "e2el": 20.78179957997054
    },
    "request_id 39": {
      "prompt_tokens": 10000,
      "output_tokens": 2000,
      "ttft": 1.0080140782520175,
      "e2el": 20.782775175292045
    },
    "request_id 40": {
      "prompt_tokens": 10000,
      "output_tokens": 2000,
      "ttft": 0.1979560712352395,
      "e2el": 21.430612721014768
    },
    "request_id 41": {
      "prompt_tokens": 10000,
      "output_tokens": 2000,
      "ttft": 0.557448289822787,
      "e2el": 21.43112547369674
    },
    "request_id 42": {
      "prompt_tokens": 10000,
      "output_tokens": 2000,
      "ttft": 0.5568189308978617,
      "e2el": 21.430738208815455
    },
    "request_id 43": {
      "prompt_tokens": 10000,
      "output_tokens": 2000,
      "ttft": 0.5565036083571613,
      "e2el": 21.430398114491254
    },
    "request_id 44": {
      "prompt_tokens": 10000,
      "output_tokens": 2000,
      "ttft": 0.9306666366755962,