{
  "summary": {
    "completed": 100,
    "failed": 0,
    "total_input_tokens": 200000,
    "total_output_tokens": 1000000,
    "request_throughput": 0.006914601492655674,
    "output_throughput": 69.14601492655675,
    "total_token_throughput": 82.97521791186809,
    "mean_ttft_ms": 137158.10965587385,
    "median_ttft_ms": 143818.97607282735,
    "std_ttft_ms": 64275.02932853613,
    "p99_ttft_ms": 334211.36907885823,
    "mean_tpot_ms": 98.69314724276508,
    "median_tpot_ms": 100.50374623307019,
    "std_tpot_ms": 10.505385039267786,
    "p99_tpot_ms": 119.37358414277908,
    "mean_itl_ms": 98.69314728415443,
    "median_itl_ms": 63.702753745019436,
    "std_itl_ms": 2124.5296062319976,
    "p99_itl_ms": 75.52014835178852,
    "avg_gpu_util_%": 100.0,
    "max_gpu_util_%": 100.0,
    "min_gpu_util_%": 100.0,
    "avg_gpu_memory_used_mb": 77911.96045353982,
    "max_gpu_memory_used_mb": 77912.0,
    "avg_gpu_memory_free_mb": 3125.039546460177,
    "min_gpu_memory_free_mb": 3125.0
  },
  "requests": {
    "request_id 0": {
      "prompt_tokens": 2000,
      "output_tokens": 10000,
      "ttft": 0.16914715198799968,
      "e2el": 582.4927694108337
    },
    "request_id 1": {
      "prompt_tokens": 2000,
      "output_tokens": 10000,
      "ttft": 0.8011057148687541,
      "e2el": 1027.4114257618785
    },
    "request_id 2": {
      "prompt_tokens": 2000,
      "output_tokens": 10000,
      "ttft": 0.8006685469299555,
      "e2el": 584.4626458990388
    },
    "request_id 3": {
      "prompt_tokens": 2000,
      "output_tokens": 10000,
      "ttft": 0.798849571030587,
      "e2el": 1353.3495976491831
    },
    "request_id 4": {
      "prompt_tokens": 2000,
      "output_tokens": 10000,
      "ttft": 0.7987961759790778,
      "e2el": 641.8579312376678
    },
    "request_id 5": {
      "prompt_tokens": 2000,
      "output_tokens": 10000,
      "ttft": 0.7983028870075941,
      "e2el": 813.664335692767
    },
    "request_id 6": {
      "prompt_tokens": 2000,
      "output_tokens": 10000,
      "ttft": 0.7968084369786084,
      "e2el": 1191.8076018081047
    },
    "request_id 7": {
      "prompt_tokens": 2000,
      "output_tokens": 10000,
      "ttft": 0.7967085908167064,
      "e2el": 917.0910688699223
    },
    "request_id 8": {
      "prompt_tokens": 2000,
      "output_tokens": 10000,
      "ttft": 232.0533357472159,
      "e2el": 960.3118814090267
    },
    "request_id 9": {
      "prompt_tokens": 2000,
      "output_tokens": 10000,
      "ttft": 333.4486260637641,
      "e2el": 1016.522097885143
    },
    "request_id 10": {
      "prompt_tokens": 2000,
      "output_tokens": 10000,
      "ttft": 276.051436890848,
      "e2el": 1101.0883823535405
    },
    "request_id 11": {
      "prompt_tokens": 2000,
      "output_tokens": 10000,
      "ttft": 104.24454208090901,
      "e2el": 1146.8756854040548
    },
    "request_id 12": {
      "prompt_tokens": 2000,
      "output_tokens": 10000,
      "ttft": 110.91902820486575,
      "e2el": 1173.061916879844
    },
    "request_id 13": {
      "prompt_tokens": 2000,
      "output_tokens": 10000,
      "ttft": 0.8182598152197897,
      "e2el": 1172.3669553552754
    },
    "request_id 14": {
      "prompt_tokens": 2000,
      "output_tokens": 10000,
      "ttft": 409.722927573137,
      "e2el": 1151.0199725949205
    },
    "request_id 15": {
      "prompt_tokens": 2000,
      "output_tokens": 10000,
      "ttft": 248.18295061588287,
      "e2el": 1157.0890465541743
    },
    "request_id 16": {
      "prompt_tokens": 2000,
      "output_tokens": 10000,
      "ttft": 58.72971850633621,
      "e2el": 1107.883746967651
    },
    "request_id 17": {
      "prompt_tokens": 2000,
      "output_tokens": 10000,
      "ttft": 0.7656704201363027,
      "e2el": 1179.7220666371286
    },
    "request_id 18": {
      "prompt_tokens": 2000,
      "output_tokens": 10000,
      "ttft": 0.913845119997859,
      "e2el": 1192.924916553311
    },
    "request_id 19": {
      "prompt_tokens": 2000,
      "output_tokens": 10000,
      "ttft": 240.10927382623777,
      "e2el": 1117.9285131194629
    },
    "request_id 20": {
      "prompt_tokens": 2000,
      "output_tokens": 10000,
      "ttft": 110.4949537157081,
      "e2el": 1125.0984168858267
    },
    "request_id 21": {
      "prompt_tokens": 2000,
      "output_tokens": 10000,
      "ttft": 143.96778632281348,
      "e2el": 1170.9619445730932
    },
    "request_id 22": {
      "prompt_tokens": 2000,
      "output_tokens": 10000,
      "ttft": 308.83044560579583,
      "e2el": 1168.2060500248335
    },
    "request_id 23": {
      "prompt_tokens": 2000,
      "output_tokens": 10000,
      "ttft": 141.22144673625007,
      "e2el": 1133.9620095621794
    },
    "request_id 24": {
      "prompt_tokens": 2000,
      "output_tokens": 10000,
      "ttft": 130.92101835086942,
      "e2el": 1147.6149926958606
    },
    "request_id 25": {
      "prompt_tokens": 2000,
      "output_tokens": 10000,
      "ttft": 156.10433407127857,
      "e2el": 1166.5837047924288
    },
    "request_id 26": {
      "prompt_tokens": 2000,
      "output_tokens": 10000,
      "ttft": 143.55507711693645,
      "e2el": 1142.9847488189116
    },
    "request_id 27": {
      "prompt_tokens": 2000,
      "output_tokens": 10000,
      "ttft": 137.6792307998985,
      "e2el": 1146.449760990683
    },
    "request_id 28": {
      "prompt_tokens": 2000,
      "output_tokens": 10000,
      "ttft": 156.42117730574682,
      "e2el": 1161.1064109918661
    },
    "request_id 29": {
      "prompt_tokens": 2000,
      "output_tokens": 10000,
      "ttft": 141.24380041100085,
      "e2el": 1143.4323385781609
    },
    "request_id 30": {
      "prompt_tokens": 2000,
      "output_tokens": 10000,
      "ttft": 134.242889279034,
      "e2el": 1145.2314005042426
    },
    "request_id 31": {
      "prompt_tokens": 2000,
      "output_tokens": 10000,
      "ttft": 154.85623558191583,
      "e2el": 1161.6083474061452
    },
    "request_id 32": {
      "prompt_tokens": 2000,
      "output_tokens": 10000,
      "ttft": 149.9478639778681,
      "e2el": 1148.2567216600291
    },
    "request_id 33": {
      "prompt_tokens": 2000,
      "output_tokens": 10000,
      "ttft": 132.45105139398947,
      "e2el": 1140.4142023557797
    },
    "request_id 34": {
      "prompt_tokens": 2000,
      "output_tokens": 10000,
      "ttft": 147.00302722584456,
      "e2el": 1156.673052045051
    },
    "request_id 35": {
      "prompt_tokens": 2000,
      "output_tokens": 10000,
      "ttft": 152.38450352475047,
      "e2el": 1154.8702607159503
    },
    "request_id 36": {
      "prompt_tokens": 2000,
      "output_tokens": 10000,
      "ttft": 138.6956520769745,
      "e2el": 1143.3054321496747
    },
    "request_id 37": {
      "prompt_tokens": 2000,
      "output_tokens": 10000,
      "ttft": 143.01858156500384,
      "e2el": 1149.952958705835
    },
    "request_id 38": {
      "prompt_tokens": 2000,
      "output_tokens": 10000,
      "ttft": 150.681207398884,
      "e2el": 1155.2126788860187
    },
    "request_id 39": {
      "prompt_tokens": 2000,
      "output_tokens": 10000,
      "ttft": 141.43045304296538,
      "e2el": 1146.9795946641825
    },
    "request_id 40": {
      "prompt_tokens": 2000,
      "output_tokens": 10000,
      "ttft": 142.06495094066486,
      "e2el": 1147.1387985977344
    },
    "request_id 41": {
      "prompt_tokens": 2000,
      "output_tokens": 10000,
      "ttft": 148.7600101181306,
      "e2el": 1154.0483221779577
    },
    "request_id 42": {
      "prompt_tokens": 2000,
      "output_tokens": 10000,
      "ttft": 145.15427549788728,
      "e2el": 1150.362950650975
    },
    "request_id 43": {
      "prompt_tokens": 2000,
      "output_tokens": 10000,
      "ttft": 140.79866572562605,
      "e2el": 1144.5639292025007
    },
    "request_id 44": {
      "prompt_tokens": 2000,
      "output_tokens": 10000,
      "ttft": 145.39237424684688,
      "e2el": 1151.8220731006004
    },