{
  "summary": {
    "completed": 100,
    "failed": 0,
    "total_input_tokens": 200000,
    "total_output_tokens": 1000000,
    "request_throughput": 0.006915365850844272,
    "output_throughput": 69.15365850844273,
    "total_token_throughput": 82.98439021013127,
    "mean_ttft_ms": 137318.6822292814,
    "median_ttft_ms": 143951.60276209936,
    "std_ttft_ms": 64265.46785199106,
    "p99_ttft_ms": 333625.22470320144,
    "mean_tpot_ms": 98.67730918982363,
    "median_tpot_ms": 100.46715830909693,
    "std_tpot_ms": 10.496502529267449,
    "p99_tpot_ms": 119.36809276462704,
    "mean_itl_ms": 98.67730922727027,
    "median_itl_ms": 63.587012933567166,
    "std_itl_ms": 2125.958197055322,
    "p99_itl_ms": 73.63955448847264,
    "avg_gpu_util_%": 100.0,
    "max_gpu_util_%": 100.0,
    "min_gpu_util_%": 100.0,
    "avg_gpu_memory_used_mb": 77911.96653298299,
    "max_gpu_memory_used_mb": 77912.0,
    "avg_gpu_memory_free_mb": 3125.03346701701,
    "min_gpu_memory_free_mb": 3125.0
  },
  "requests": {
    "request_id 0": {
      "prompt_tokens": 2000,
      "output_tokens": 10000,
      "ttft": 0.9419698040001094,
      "e2el": 642.4208227130584
    },
    "request_id 1": {
      "prompt_tokens": 2000,
      "output_tokens": 10000,
      "ttft": 0.18292552419006824,
      "e2el": 583.6917206593789
    },
    "request_id 2": {
      "prompt_tokens": 2000,
      "output_tokens": 10000,
      "ttft": 0.9396852171048522,
      "e2el": 585.8948374800384
    },
    "request_id 3": {
      "prompt_tokens": 2000,
      "output_tokens": 10000,
      "ttft": 0.9396067480556667,
      "e2el": 814.3605135879479
    },
    "request_id 4": {
      "prompt_tokens": 2000,
      "output_tokens": 10000,
      "ttft": 0.9394225152209401,
      "e2el": 1028.1320555033162
    },
    "request_id 5": {
      "prompt_tokens": 2000,
      "output_tokens": 10000,
      "ttft": 0.9378307997249067,
      "e2el": 917.7552439025603
    },
    "request_id 6": {
      "prompt_tokens": 2000,
      "output_tokens": 10000,
      "ttft": 0.9375538979656994,
      "e2el": 1192.5043272548355
    },
    "request_id 7": {
      "prompt_tokens": 2000,
      "output_tokens": 10000,
      "ttft": 0.9372666706331074,
      "e2el": 1353.944972061552
    },
    "request_id 8": {
      "prompt_tokens": 2000,
      "output_tokens": 10000,
      "ttft": 231.66274722106755,
      "e2el": 959.7695988402702
    },
    "request_id 9": {
      "prompt_tokens": 2000,
      "output_tokens": 10000,
      "ttft": 332.85574430879205,
      "e2el": 1015.8203326868825
    },
    "request_id 10": {
      "prompt_tokens": 2000,
      "output_tokens": 10000,
      "ttft": 276.3317518630065,
      "e2el": 1101.1300691459328
    },
    "request_id 11": {
      "prompt_tokens": 2000,
      "output_tokens": 10000,
      "ttft": 104.38990996591747,
      "e2el": 1146.7615440059453
    },
    "request_id 12": {
      "prompt_tokens": 2000,
      "output_tokens": 10000,
      "ttft": 111.02251465898007,
      "e2el": 1173.0561339226551
    },
    "request_id 13": {
      "prompt_tokens": 2000,
      "output_tokens": 10000,
      "ttft": 0.9098568987101316,
      "e2el": 1172.220055738464
    },
    "request_id 14": {
      "prompt_tokens": 2000,
      "output_tokens": 10000,
      "ttft": 409.80378374969587,
      "e2el": 1150.7819217415527
    },
    "request_id 15": {
      "prompt_tokens": 2000,
      "output_tokens": 10000,
      "ttft": 248.36294837575406,
      "e2el": 1157.0539571177214
    },
    "request_id 16": {
      "prompt_tokens": 2000,
      "output_tokens": 10000,
      "ttft": 58.85061607323587,
      "e2el": 1107.8759708651341
    },
    "request_id 17": {
      "prompt_tokens": 2000,
      "output_tokens": 10000,
      "ttft": 0.8504908541217446,
      "e2el": 1179.4755009002984
    },
    "request_id 18": {
      "prompt_tokens": 2000,
      "output_tokens": 10000,
      "ttft": 1.0180648476816714,
      "e2el": 1192.9690576326102
    },
    "request_id 19": {
      "prompt_tokens": 2000,
      "output_tokens": 10000,
      "ttft": 240.26734448969364,
      "e2el": 1117.9715949776582
    },
    "request_id 20": {
      "prompt_tokens": 2000,
      "output_tokens": 10000,
      "ttft": 110.57582589099184,
      "e2el": 1124.9224127363414
    },
    "request_id 21": {
      "prompt_tokens": 2000,
      "output_tokens": 10000,
      "ttft": 144.01189591689035,
      "e2el": 1171.0149975158274
    },
    "request_id 22": {
      "prompt_tokens": 2000,
      "output_tokens": 10000,
      "ttft": 309.1548237260431,
      "e2el": 1168.3777728541754
    },
    "request_id 23": {
      "prompt_tokens": 2000,
      "output_tokens": 10000,
      "ttft": 141.44213296892121,
      "e2el": 1133.8621340575628
    },
    "request_id 24": {
      "prompt_tokens": 2000,
      "output_tokens": 10000,
      "ttft": 130.91567190922797,
      "e2el": 1147.595065081492
    },
    "request_id 25": {
      "prompt_tokens": 2000,
      "output_tokens": 10000,
      "ttft": 156.42898923996836,
      "e2el": 1166.7209832067601
    },
    "request_id 26": {
      "prompt_tokens": 2000,
      "output_tokens": 10000,
      "ttft": 143.6806242801249,
      "e2el": 1142.8017230802216
    },
    "request_id 27": {
      "prompt_tokens": 2000,
      "output_tokens": 10000,
      "ttft": 137.74005129979923,
      "e2el": 1146.4563250658102
    },
    "request_id 28": {
      "prompt_tokens": 2000,
      "output_tokens": 10000,
      "ttft": 156.72213507723063,
      "e2el": 1161.258042154368
    },
    "request_id 29": {
      "prompt_tokens": 2000,
      "output_tokens": 10000,
      "ttft": 141.38021781668067,
      "e2el": 1143.2966062095948
    },
    "request_id 30": {
      "prompt_tokens": 2000,
      "output_tokens": 10000,
      "ttft": 134.27818757202476,
      "e2el": 1145.2239118260331
    },
    "request_id 31": {
      "prompt_tokens": 2000,
      "output_tokens": 10000,
      "ttft": 155.18833215115592,
      "e2el": 1161.7770869163796
    },
    "request_id 32": {
      "prompt_tokens": 2000,
      "output_tokens": 10000,
      "ttft": 150.08413789933547,
      "e2el": 1148.1065780282952
    },
    "request_id 33": {
      "prompt_tokens": 2000,
      "output_tokens": 10000,
      "ttft": 132.47942963708192,
      "e2el": 1140.4124461258762
    },
    "request_id 34": {
      "prompt_tokens": 2000,
      "output_tokens": 10000,
      "ttft": 147.33485098276287,
      "e2el": 1156.8587684207596
    },
    "request_id 35": {
      "prompt_tokens": 2000,
      "output_tokens": 10000,
      "ttft": 152.54243274684995,
      "e2el": 1154.73632506188
    },
    "request_id 36": {
      "prompt_tokens": 2000,
      "output_tokens": 10000,
      "ttft": 138.7630959758535,
      "e2el": 1143.310151482001
    },
    "request_id 37": {
      "prompt_tokens": 2000,
      "output_tokens": 10000,
      "ttft": 143.31897978577763,
      "e2el": 1150.138773119077
    },
    "request_id 38": {
      "prompt_tokens": 2000,
      "output_tokens": 10000,
      "ttft": 150.86146835191175,
      "e2el": 1155.1315387967043
    },
    "request_id 39": {
      "prompt_tokens": 2000,
      "output_tokens": 10000,
      "ttft": 141.49110676301643,
      "e2el": 1147.0177997858264
    },
    "request_id 40": {
      "prompt_tokens": 2000,
      "output_tokens": 10000,
      "ttft": 142.376208151225,
      "e2el": 1147.2949672448449
    },
    "request_id 41": {
      "prompt_tokens": 2000,
      "output_tokens": 10000,
      "ttft": 148.96718441182747,
      "e2el": 1153.9544630539604
    },
    "request_id 42": {
      "prompt_tokens": 2000,
      "output_tokens": 10000,
      "ttft": 145.22297071805224,
      "e2el": 1150.3719111378305
    },
    "request_id 43": {
      "prompt_tokens": 2000,
      "output_tokens": 10000,
      "ttft": 141.1066235853359,
      "e2el": 1144.7009002822451
    },
    "request_id 44": {
      "prompt_tokens": 2000,
      "output_tokens": 10000,
      "ttft": 145.623611709103,