{
  "summary": {
    "completed": 100,
    "failed": 0,
    "total_input_tokens": 1000000,
    "total_output_tokens": 200000,
    "request_throughput": 0.021296988130049717,
    "output_throughput": 42.59397626009943,
    "total_token_throughput": 255.5638575605966,
    "mean_ttft_ms": 226765.8594873827,
    "median_ttft_ms": 236921.12003243528,
    "std_ttft_ms": 43222.80959721973,
    "p99_ttft_ms": 246376.00026831965,
    "mean_tpot_ms": 68.92163596508055,
    "median_tpot_ms": 69.28880082169877,
    "std_tpot_ms": 3.3315983426567244,
    "p99_tpot_ms": 75.49410324268608,
    "mean_itl_ms": 68.92163623743768,
    "median_itl_ms": 62.934791669249535,
    "std_itl_ms": 337.32009166432545,
    "p99_itl_ms": 68.64131174981594,
    "avg_gpu_util_%": 100.0,
    "max_gpu_util_%": 100.0,
    "min_gpu_util_%": 100.0,
    "avg_gpu_memory_used_mb": 77723.63713798978,
    "max_gpu_memory_used_mb": 77890.0,
    "avg_gpu_memory_free_mb": 3316.862010221465,
    "min_gpu_memory_free_mb": 3147.0
  },
  "requests": {
    "request_id 0": {
      "prompt_tokens": 10000,
      "output_tokens": 2000,
      "ttft": 1.3306311960332096,
      "e2el": 116.35123497713357
    },
    "request_id 1": {
      "prompt_tokens": 10000,
      "output_tokens": 2000,
      "ttft": 3.4614262087270617,
      "e2el": 118.85728938970715
    },
    "request_id 2": {
      "prompt_tokens": 10000,
      "output_tokens": 2000,
      "ttft": 3.43666020501405,
      "e2el": 174.35107158962637
    },
    "request_id 3": {
      "prompt_tokens": 10000,
      "output_tokens": 2000,
      "ttft": 118.83226975193247,
      "e2el": 239.47193726198748
    },
    "request_id 4": {
      "prompt_tokens": 10000,
      "output_tokens": 2000,
      "ttft": 119.8876459817402,
      "e2el": 251.73158860765398
    },
    "request_id 5": {
      "prompt_tokens": 10000,
      "output_tokens": 2000,
      "ttft": 176.64091115212068,
      "e2el": 327.351586505305
    },
    "request_id 6": {
      "prompt_tokens": 10000,
      "output_tokens": 2000,
      "ttft": 241.6997320340015,
      "e2el": 362.95347065432
    },
    "request_id 7": {
      "prompt_tokens": 10000,
      "output_tokens": 2000,
      "ttft": 252.77384858112782,
      "e2el": 403.06128054717556
    },
    "request_id 8": {
      "prompt_tokens": 10000,
      "output_tokens": 2000,
      "ttft": 213.3527924241498,
      "e2el": 348.6490425178781
    },
    "request_id 9": {
      "prompt_tokens": 10000,
      "output_tokens": 2000,
      "ttft": 246.31137553788722,
      "e2el": 375.95379049610347
    },
    "request_id 10": {
      "prompt_tokens": 10000,
      "output_tokens": 2000,
      "ttft": 230.95348090911284,
      "e2el": 378.39718012837693
    },
    "request_id 11": {
      "prompt_tokens": 10000,
      "output_tokens": 2000,
      "ttft": 227.6932752407156,
      "e2el": 355.40643347939476
    },
    "request_id 12": {
      "prompt_tokens": 10000,
      "output_tokens": 2000,
      "ttft": 245.26473186723888,
      "e2el": 387.98330985195935
    },
    "request_id 13": {
      "prompt_tokens": 10000,
      "output_tokens": 2000,
      "ttft": 227.6349170571193,
      "e2el": 364.58899143198505
    },
    "request_id 14": {
      "prompt_tokens": 10000,
      "output_tokens": 2000,
      "ttft": 234.13691486092284,
      "e2el": 369.09754975279793
    },
    "request_id 15": {
      "prompt_tokens": 10000,
      "output_tokens": 2000,
      "ttft": 238.85877148993313,
      "e2el": 380.35965278185904
    },
    "request_id 16": {
      "prompt_tokens": 10000,
      "output_tokens": 2000,
      "ttft": 229.18697799928486,
      "e2el": 362.7997731352225
    },
    "request_id 17": {
      "prompt_tokens": 10000,
      "output_tokens": 2000,
      "ttft": 239.47660409100354,
      "e2el": 379.3035350847058
    },
    "request_id 18": {
      "prompt_tokens": 10000,
      "output_tokens": 2000,
      "ttft": 232.90380452992395,
      "e2el": 370.32350622070953
    },
    "request_id 19": {
      "prompt_tokens": 10000,
      "output_tokens": 2000,
      "ttft": 235.1200670846738,
      "e2el": 371.90070321178064
    },
    "request_id 20": {
      "prompt_tokens": 10000,
      "output_tokens": 2000,
      "ttft": 236.6067069331184,
      "e2el": 376.07906747516245
    },
    "request_id 21": {
      "prompt_tokens": 10000,
      "output_tokens": 2000,
      "ttft": 233.31255665095523,
      "e2el": 369.126167092938
    },
    "request_id 22": {
      "prompt_tokens": 10000,
      "output_tokens": 2000,
      "ttft": 236.9295528801158,
      "e2el": 376.42925014486536
    },
    "request_id 23": {
      "prompt_tokens": 10000,
      "output_tokens": 2000,
      "ttft": 234.59327870002016,
      "e2el": 372.19984210142866
    },
    "request_id 24": {
      "prompt_tokens": 10000,
      "output_tokens": 2000,
      "ttft": 235.5385950282216,
      "e2el": 373.5466915932484
    },
    "request_id 25": {
      "prompt_tokens": 10000,
      "output_tokens": 2000,
      "ttft": 236.60935712372884,
      "e2el": 375.40128724090755
    },
    "request_id 26": {
      "prompt_tokens": 10000,
      "output_tokens": 2000,
      "ttft": 234.78954535303637,
      "e2el": 371.98543231002986
    },
    "request_id 27": {
      "prompt_tokens": 10000,
      "output_tokens": 2000,
      "ttft": 236.77841948810965,
      "e2el": 375.6099748676643
    },
    "request_id 28": {
      "prompt_tokens": 10000,
      "output_tokens": 2000,
      "ttft": 235.93957384070382,
      "e2el": 373.8882357114926
    },
    "request_id 29": {
      "prompt_tokens": 10000,
      "output_tokens": 2000,
      "ttft": 236.18020958919078,
      "e2el": 374.34543432481587
    },
    "request_id 30": {
      "prompt_tokens": 10000,
      "output_tokens": 2000,
      "ttft": 236.1325037367642,
      "e2el": 375.0815020110458
    },
    "request_id 31": {
      "prompt_tokens": 10000,
      "output_tokens": 2000,
      "ttft": 236.2678703032434,
      "e2el": 373.5703848004341
    },
    "request_id 32": {
      "prompt_tokens": 10000,
      "output_tokens": 2000,
      "ttft": 236.3281946289353,
      "e2el": 375.41307787271217
    },
    "request_id 33": {
      "prompt_tokens": 10000,
      "output_tokens": 2000,
      "ttft": 236.3055365779437,
      "e2el": 374.4333019941114
    },
    "request_id 34": {
      "prompt_tokens": 10000,
      "output_tokens": 2000,
      "ttft": 236.3409000406973,
      "e2el": 374.98507532291114
    },
    "request_id 35": {
      "prompt_tokens": 10000,
      "output_tokens": 2000,
      "ttft": 236.5752972769551,
      "e2el": 375.5785306398757
    },
    "request_id 36": {
      "prompt_tokens": 10000,
      "output_tokens": 2000,
      "ttft": 236.44454195722938,
      "e2el": 374.38223857712
    },
    "request_id 37": {
      "prompt_tokens": 10000,
      "output_tokens": 2000,
      "ttft": 236.83817408094183,
      "e2el": 376.01356946490705
    },
    "request_id 38": {
      "prompt_tokens": 10000,
      "output_tokens": 2000,
      "ttft": 236.60799985192716,
      "e2el": 375.0044734920375
    },
    "request_id 39": {
      "prompt_tokens": 10000,
      "output_tokens": 2000,
      "ttft": 237.04254651023075,
      "e2el": 375.7823385302909
    },
    "request_id 40": {
      "prompt_tokens": 10000,
      "output_tokens": 2000,
      "ttft": 236.92380669806153,
      "e2el": 375.83813666319475
    },
    "request_id 41": {
      "prompt_tokens": 10000,
      "output_tokens": 2000,
      "ttft": 236.8391001103446,
      "e2el": 375.0632423921488
    },
    "request_id 42": {
      "prompt_tokens": 10000,
      "output_tokens": 2000,
      "ttft": 237.16464994382113,
      "e2el": 376.3506132639013
    },
    "request_id 43": {
      "prompt_tokens": 10000,
      "output_tokens": 2000,
      "ttft": 236.77343377890065,
      "e2el": 375.02390780393034
    },
    "request_id 44": {
      "prompt_tokens": 10000,
      "output_tokens": 2000,
      "ttft": 237.12300648074597,
      "e2el": 376.40366907790303
    },