{
  "summary": {
    "completed": 100,
    "failed": 0,
    "total_input_tokens": 200000,
    "total_output_tokens": 1000000,
    "request_throughput": 0.09849508445347982,
    "output_throughput": 984.9508445347982,
    "total_token_throughput": 1181.9410134417578,
    "mean_ttft_ms": 118.77163310069591,
    "median_ttft_ms": 128.97720909677446,
    "std_ttft_ms": 30.875933290201278,
    "p99_ttft_ms": 156.92858697846538,
    "mean_tpot_ms": 7.888832021343411,
    "median_tpot_ms": 8.083895346641963,
    "std_tpot_ms": 0.539501360706128,
    "p99_tpot_ms": 8.226971483629834,
    "mean_itl_ms": 7.8888320422662686,
    "median_itl_ms": 7.878684904426336,
    "std_itl_ms": 1.7909196819182334,
    "p99_itl_ms": 11.24141423031688,
    "avg_gpu_util_%": 78.9507874015748,
    "max_gpu_util_%": 86.0,
    "min_gpu_util_%": 66.0,
    "avg_gpu_memory_used_mb": 74603.00984251969,
    "max_gpu_memory_used_mb": 74604.0,
    "avg_gpu_memory_free_mb": 6433.990157480315,
    "min_gpu_memory_free_mb": 6433.0
  },
  "requests": {
    "request_id 0": {
      "prompt_tokens": 2000,
      "output_tokens": 10000,
      "ttft": 0.051991327200084925,
      "e2el": 80.91304924618453
    },
    "request_id 1": {
      "prompt_tokens": 2000,
      "output_tokens": 10000,
      "ttft": 0.0968217239715159,
      "e2el": 80.92768925102428
    },
    "request_id 2": {
      "prompt_tokens": 2000,
      "output_tokens": 10000,
      "ttft": 0.09584273584187031,
      "e2el": 80.9267147174105
    },
    "request_id 3": {
      "prompt_tokens": 2000,
      "output_tokens": 10000,
      "ttft": 0.1534431902691722,
      "e2el": 80.9405431621708
    },
    "request_id 4": {
      "prompt_tokens": 2000,
      "output_tokens": 10000,
      "ttft": 0.09534048708155751,
      "e2el": 80.92620041733608
    },
    "request_id 5": {
      "prompt_tokens": 2000,
      "output_tokens": 10000,
      "ttft": 0.15239854995161295,
      "e2el": 80.93967394065112
    },
    "request_id 6": {
      "prompt_tokens": 2000,
      "output_tokens": 10000,
      "ttft": 0.1520587163977325,
      "e2el": 80.93941847002134
    },
    "request_id 7": {
      "prompt_tokens": 2000,
      "output_tokens": 10000,
      "ttft": 0.15162756713107228,
      "e2el": 80.93895448511466
    },
    "request_id 8": {
      "prompt_tokens": 2000,
      "output_tokens": 10000,
      "ttft": 0.06363707082346082,
      "e2el": 82.23278528545052
    },
    "request_id 9": {
      "prompt_tokens": 2000,
      "output_tokens": 10000,
      "ttft": 0.11923157004639506,
      "e2el": 82.23856060300022
    },
    "request_id 10": {
      "prompt_tokens": 2000,
      "output_tokens": 10000,
      "ttft": 0.11889571789652109,
      "e2el": 82.23828756762668
    },
    "request_id 11": {
      "prompt_tokens": 2000,
      "output_tokens": 10000,
      "ttft": 0.11862217402085662,
      "e2el": 82.23786536883563
    },
    "request_id 12": {
      "prompt_tokens": 2000,
      "output_tokens": 10000,
      "ttft": 0.10501344176009297,
      "e2el": 82.2240009647794
    },
    "request_id 13": {
      "prompt_tokens": 2000,
      "output_tokens": 10000,
      "ttft": 0.1048445850610733,
      "e2el": 82.22591256909072
    },
    "request_id 14": {
      "prompt_tokens": 2000,
      "output_tokens": 10000,
      "ttft": 0.14240481005981565,
      "e2el": 82.23693409888074
    },
    "request_id 15": {
      "prompt_tokens": 2000,
      "output_tokens": 10000,
      "ttft": 0.14225844200700521,
      "e2el": 82.23744703223929
    },
    "request_id 16": {
      "prompt_tokens": 2000,
      "output_tokens": 10000,
      "ttft": 0.08234354993328452,
      "e2el": 82.38715200172737
    },
    "request_id 17": {
      "prompt_tokens": 2000,
      "output_tokens": 10000,
      "ttft": 0.12299428787082434,
      "e2el": 82.38325595483184
    },
    "request_id 18": {
      "prompt_tokens": 2000,
      "output_tokens": 10000,
      "ttft": 0.16950725810602307,
      "e2el": 82.39592438004911
    },
    "request_id 19": {
      "prompt_tokens": 2000,
      "output_tokens": 10000,
      "ttft": 0.12235401105135679,
      "e2el": 82.38330991799012
    },
    "request_id 20": {
      "prompt_tokens": 2000,
      "output_tokens": 10000,
      "ttft": 0.12208313122391701,
      "e2el": 82.38311256142333
    },
    "request_id 21": {
      "prompt_tokens": 2000,
      "output_tokens": 10000,
      "ttft": 0.12158091738820076,
      "e2el": 82.38263135030866
    },
    "request_id 22": {
      "prompt_tokens": 2000,
      "output_tokens": 10000,
      "ttft": 0.15680152969434857,
      "e2el": 82.38435861468315
    },
    "request_id 23": {
      "prompt_tokens": 2000,
      "output_tokens": 10000,
      "ttft": 0.15634838631376624,
      "e2el": 82.38306464906782
    },
    "request_id 24": {
      "prompt_tokens": 2000,
      "output_tokens": 10000,
      "ttft": 0.06779647711664438,
      "e2el": 82.01680966001004
    },
    "request_id 25": {
      "prompt_tokens": 2000,
      "output_tokens": 10000,
      "ttft": 0.12199423462152481,
      "e2el": 82.01945757586509
    },
    "request_id 26": {
      "prompt_tokens": 2000,
      "output_tokens": 10000,
      "ttft": 0.12097598239779472,
      "e2el": 82.01778543414548
    },
    "request_id 27": {
      "prompt_tokens": 2000,
      "output_tokens": 10000,
      "ttft": 0.1209727511741221,
      "e2el": 82.01849920349196
    },
    "request_id 28": {
      "prompt_tokens": 2000,
      "output_tokens": 10000,
      "ttft": 0.12084825476631522,
      "e2el": 82.01840243767947
    },
    "request_id 29": {
      "prompt_tokens": 2000,
      "output_tokens": 10000,
      "ttft": 0.1452442337758839,
      "e2el": 82.01253980398178
    },
    "request_id 30": {
      "prompt_tokens": 2000,
      "output_tokens": 10000,
      "ttft": 0.10863231820985675,
      "e2el": 82.00622096890584
    },
    "request_id 31": {
      "prompt_tokens": 2000,
      "output_tokens": 10000,
      "ttft": 0.1444055768661201,
      "e2el": 82.01217861985788
    },
    "request_id 32": {
      "prompt_tokens": 2000,
      "output_tokens": 10000,
      "ttft": 0.055202554911375046,
      "e2el": 79.93921893415973
    },
    "request_id 33": {
      "prompt_tokens": 2000,
      "output_tokens": 10000,
      "ttft": 0.08490679413080215,
      "e2el": 79.9361895523034
    },
    "request_id 34": {
      "prompt_tokens": 2000,
      "output_tokens": 10000,
      "ttft": 0.0841921791434288,
      "e2el": 79.93606656836346
    },
    "request_id 35": {
      "prompt_tokens": 2000,
      "output_tokens": 10000,
      "ttft": 0.08388434816151857,
      "e2el": 79.93590886192396
    },
    "request_id 36": {
      "prompt_tokens": 2000,
      "output_tokens": 10000,
      "ttft": 0.14388808608055115,
      "e2el": 79.94648251822218
    },
    "request_id 37": {
      "prompt_tokens": 2000,
      "output_tokens": 10000,
      "ttft": 0.1437056357972324,
      "e2el": 79.94710639351979
    },
    "request_id 38": {
      "prompt_tokens": 2000,
      "output_tokens": 10000,
      "ttft": 0.1380750611424446,
      "e2el": 79.94150350801647
    },
    "request_id 39": {
      "prompt_tokens": 2000,
      "output_tokens": 10000,
      "ttft": 0.13769836397841573,
      "e2el": 79.9412515531294
    },
    "request_id 40": {
      "prompt_tokens": 2000,
      "output_tokens": 10000,
      "ttft": 0.06938941031694412,
      "e2el": 81.72207739809528
    },
    "request_id 41": {
      "prompt_tokens": 2000,
      "output_tokens": 10000,
      "ttft": 0.12535894522443414,
      "e2el": 81.72390056820586
    },
    "request_id 42": {
      "prompt_tokens": 2000,
      "output_tokens": 10000,
      "ttft": 0.124924227129668,
      "e2el": 81.72451029298827
    },
    "request_id 43": {
      "prompt_tokens": 2000,
      "output_tokens": 10000,
      "ttft": 0.12477749167010188,
      "e2el": 81.72439881693572
    },
    "request_id 44": {
      "prompt_tokens": 2000,
      "output_tokens": 10000,
      "ttft": 0.11408067587763071,