{
  "summary": {
    "completed": 100,
    "failed": 0,
    "total_input_tokens": 1000000,
    "total_output_tokens": 200000,
    "request_throughput": 0.021294680954335253,
    "output_throughput": 42.589361908670504,
    "total_token_throughput": 255.53617145202304,
    "mean_ttft_ms": 226729.5058466494,
    "median_ttft_ms": 236875.59754843824,
    "std_ttft_ms": 43246.883225443045,
    "p99_ttft_ms": 246480.54894525095,
    "mean_tpot_ms": 68.93172724128212,
    "median_tpot_ms": 69.30715105078905,
    "std_tpot_ms": 3.311411791526533,
    "p99_tpot_ms": 75.46552456469756,
    "mean_itl_ms": 68.9317274577063,
    "median_itl_ms": 62.92933155782521,
    "std_itl_ms": 334.82242827547026,
    "p99_itl_ms": 74.47487162891778,
    "avg_gpu_util_%": 100.0,
    "max_gpu_util_%": 100.0,
    "min_gpu_util_%": 100.0,
    "avg_gpu_memory_used_mb": 77723.67255695125,
    "max_gpu_memory_used_mb": 77890.0,
    "avg_gpu_memory_free_mb": 3316.8258462848626,
    "min_gpu_memory_free_mb": 3147.0
  },
  "requests": {
    "request_id 0": {
      "prompt_tokens": 10000,
      "output_tokens": 2000,
      "ttft": 3.3661903073079884,
      "e2el": 174.20768530620262
    },
    "request_id 1": {
      "prompt_tokens": 10000,
      "output_tokens": 2000,
      "ttft": 118.58829689398408,
      "e2el": 239.32560037914664
    },
    "request_id 2": {
      "prompt_tokens": 10000,
      "output_tokens": 2000,
      "ttft": 1.1101012998260558,
      "e2el": 116.16039411956444
    },
    "request_id 3": {
      "prompt_tokens": 10000,
      "output_tokens": 2000,
      "ttft": 176.49809573031962,
      "e2el": 327.1518018632196
    },
    "request_id 4": {
      "prompt_tokens": 10000,
      "output_tokens": 2000,
      "ttft": 3.356657741125673,
      "e2el": 118.57978358725086
    },
    "request_id 5": {
      "prompt_tokens": 10000,
      "output_tokens": 2000,
      "ttft": 119.76417244691402,
      "e2el": 251.60358641203493
    },
    "request_id 6": {
      "prompt_tokens": 10000,
      "output_tokens": 2000,
      "ttft": 241.5473367171362,
      "e2el": 362.7736411183141
    },
    "request_id 7": {
      "prompt_tokens": 10000,
      "output_tokens": 2000,
      "ttft": 252.6103392271325,
      "e2el": 402.87831845041364
    },
    "request_id 8": {
      "prompt_tokens": 10000,
      "output_tokens": 2000,
      "ttft": 213.36065126769245,
      "e2el": 348.61085119564086
    },
    "request_id 9": {
      "prompt_tokens": 10000,
      "output_tokens": 2000,
      "ttft": 246.41863187169656,
      "e2el": 376.0212779007852
    },
    "request_id 10": {
      "prompt_tokens": 10000,
      "output_tokens": 2000,
      "ttft": 230.90567291434854,
      "e2el": 378.34363895934075
    },
    "request_id 11": {
      "prompt_tokens": 10000,
      "output_tokens": 2000,
      "ttft": 227.70918562216684,
      "e2el": 355.3283673892729
    },
    "request_id 12": {
      "prompt_tokens": 10000,
      "output_tokens": 2000,
      "ttft": 245.19546609418467,
      "e2el": 387.8576210741885
    },
    "request_id 13": {
      "prompt_tokens": 10000,
      "output_tokens": 2000,
      "ttft": 227.6360006709583,
      "e2el": 364.5446040709503
    },
    "request_id 14": {
      "prompt_tokens": 10000,
      "output_tokens": 2000,
      "ttft": 234.0903280279599,
      "e2el": 369.08861155062914
    },
    "request_id 15": {
      "prompt_tokens": 10000,
      "output_tokens": 2000,
      "ttft": 238.79892804892734,
      "e2el": 380.3113254411146
    },
    "request_id 16": {
      "prompt_tokens": 10000,
      "output_tokens": 2000,
      "ttft": 229.18685361370444,
      "e2el": 362.81848125951365
    },
    "request_id 17": {
      "prompt_tokens": 10000,
      "output_tokens": 2000,
      "ttft": 239.4421125180088,
      "e2el": 379.29177732625976
    },
    "request_id 18": {
      "prompt_tokens": 10000,
      "output_tokens": 2000,
      "ttft": 232.9142731181346,
      "e2el": 370.3083631871268
    },
    "request_id 19": {
      "prompt_tokens": 10000,
      "output_tokens": 2000,
      "ttft": 235.11337311007082,
      "e2el": 371.9293712358922
    },
    "request_id 20": {
      "prompt_tokens": 10000,
      "output_tokens": 2000,
      "ttft": 236.65641535818577,
      "e2el": 376.09916158020496
    },
    "request_id 21": {
      "prompt_tokens": 10000,
      "output_tokens": 2000,
      "ttft": 233.4113870561123,
      "e2el": 369.17277748091146
    },
    "request_id 22": {
      "prompt_tokens": 10000,
      "output_tokens": 2000,
      "ttft": 236.90638298913836,
      "e2el": 376.3824773482047
    },
    "request_id 23": {
      "prompt_tokens": 10000,
      "output_tokens": 2000,
      "ttft": 234.59109386941418,
      "e2el": 372.20093662152067
    },
    "request_id 24": {
      "prompt_tokens": 10000,
      "output_tokens": 2000,
      "ttft": 235.48672768007964,
      "e2el": 373.4947007871233
    },
    "request_id 25": {
      "prompt_tokens": 10000,
      "output_tokens": 2000,
      "ttft": 236.59267116105184,
      "e2el": 375.3696452700533
    },
    "request_id 26": {
      "prompt_tokens": 10000,
      "output_tokens": 2000,
      "ttft": 234.76352623896673,
      "e2el": 371.9817937556654
    },
    "request_id 27": {
      "prompt_tokens": 10000,
      "output_tokens": 2000,
      "ttft": 236.718480554875,
      "e2el": 375.57657178491354
    },
    "request_id 28": {
      "prompt_tokens": 10000,
      "output_tokens": 2000,
      "ttft": 235.92512769298628,
      "e2el": 373.90416904818267
    },
    "request_id 29": {
      "prompt_tokens": 10000,
      "output_tokens": 2000,
      "ttft": 236.1456441548653,
      "e2el": 374.3088700398803
    },
    "request_id 30": {
      "prompt_tokens": 10000,
      "output_tokens": 2000,
      "ttft": 236.139672906138,
      "e2el": 375.0797025701031
    },
    "request_id 31": {
      "prompt_tokens": 10000,
      "output_tokens": 2000,
      "ttft": 236.25224802596495,
      "e2el": 373.5512796090916
    },
    "request_id 32": {
      "prompt_tokens": 10000,
      "output_tokens": 2000,
      "ttft": 236.30785059183836,
      "e2el": 375.3797805705108
    },
    "request_id 33": {
      "prompt_tokens": 10000,
      "output_tokens": 2000,
      "ttft": 236.27391004329547,
      "e2el": 374.3777514002286
    },
    "request_id 34": {
      "prompt_tokens": 10000,
      "output_tokens": 2000,
      "ttft": 236.28502158774063,
      "e2el": 374.93829237576574
    },
    "request_id 35": {
      "prompt_tokens": 10000,
      "output_tokens": 2000,
      "ttft": 236.51070213597268,
      "e2el": 375.5178137868643
    },
    "request_id 36": {
      "prompt_tokens": 10000,
      "output_tokens": 2000,
      "ttft": 236.35713305324316,
      "e2el": 374.30624205293134
    },
    "request_id 37": {
      "prompt_tokens": 10000,
      "output_tokens": 2000,
      "ttft": 236.77613954758272,
      "e2el": 375.96145136933774
    },
    "request_id 38": {
      "prompt_tokens": 10000,
      "output_tokens": 2000,
      "ttft": 236.52418701071292,
      "e2el": 375.00009874952957
    },
    "request_id 39": {
      "prompt_tokens": 10000,
      "output_tokens": 2000,
      "ttft": 236.97911111125723,
      "e2el": 375.8047775765881
    },
    "request_id 40": {
      "prompt_tokens": 10000,
      "output_tokens": 2000,
      "ttft": 236.89461523806676,
      "e2el": 375.87181117292494
    },
    "request_id 41": {
      "prompt_tokens": 10000,
      "output_tokens": 2000,
      "ttft": 236.88407843885943,
      "e2el": 375.126143401023
    },
    "request_id 42": {
      "prompt_tokens": 10000,
      "output_tokens": 2000,
      "ttft": 237.1817192188464,
      "e2el": 376.39645577268675
    },
    "request_id 43": {
      "prompt_tokens": 10000,
      "output_tokens": 2000,
      "ttft": 236.82982840808108,
      "e2el": 375.0966352969408
    },
    "request_id 44": {
      "prompt_tokens": 10000,
      "output_tokens": 2000,
      "ttft": 237.1701579252258,
      "e2el": 376.455803188961
    },