{
  "summary": {
    "completed": 100,
    "failed": 0,
    "total_input_tokens": 200000,
    "total_output_tokens": 1000000,
    "request_throughput": 0.006915596459887238,
    "output_throughput": 69.15596459887239,
    "total_token_throughput": 82.98715751864685,
    "mean_ttft_ms": 137343.483715076,
    "median_ttft_ms": 143993.28490695916,
    "std_ttft_ms": 64257.53518170163,
    "p99_ttft_ms": 333582.3500108909,
    "mean_tpot_ms": 98.67442011422482,
    "median_tpot_ms": 100.47025485795075,
    "std_tpot_ms": 10.497442393660913,
    "p99_tpot_ms": 119.36697606784564,
    "mean_itl_ms": 98.67442014836635,
    "median_itl_ms": 63.55821527540684,
    "std_itl_ms": 2127.415637915598,
    "p99_itl_ms": 72.76337176095694,
    "avg_gpu_util_%": 100.0,
    "max_gpu_util_%": 100.0,
    "min_gpu_util_%": 100.0,
    "avg_gpu_memory_used_mb": 77911.96653298299,
    "max_gpu_memory_used_mb": 77912.0,
    "avg_gpu_memory_free_mb": 3125.03346701701,
    "min_gpu_memory_free_mb": 3125.0
  },
  "requests": {
    "request_id 0": {
      "prompt_tokens": 2000,
      "output_tokens": 10000,
      "ttft": 0.2048182711005211,
      "e2el": 583.701334794052
    },
    "request_id 1": {
      "prompt_tokens": 2000,
      "output_tokens": 10000,
      "ttft": 1.010700847953558,
      "e2el": 585.9302407950163
    },
    "request_id 2": {
      "prompt_tokens": 2000,
      "output_tokens": 10000,
      "ttft": 1.0027562561444938,
      "e2el": 642.3736363630742
    },
    "request_id 3": {
      "prompt_tokens": 2000,
      "output_tokens": 10000,
      "ttft": 1.0025633750483394,
      "e2el": 814.3016689601354
    },
    "request_id 4": {
      "prompt_tokens": 2000,
      "output_tokens": 10000,
      "ttft": 1.0025368058122694,
      "e2el": 917.7058173981495
    },
    "request_id 5": {
      "prompt_tokens": 2000,
      "output_tokens": 10000,
      "ttft": 0.9961145673878491,
      "e2el": 1353.9061827273108
    },
    "request_id 6": {
      "prompt_tokens": 2000,
      "output_tokens": 10000,
      "ttft": 0.9955322337336838,
      "e2el": 1028.0503129544668
    },
    "request_id 7": {
      "prompt_tokens": 2000,
      "output_tokens": 10000,
      "ttft": 0.9949332997202873,
      "e2el": 1192.4840415916406
    },
    "request_id 8": {
      "prompt_tokens": 2000,
      "output_tokens": 10000,
      "ttft": 231.63046157406643,
      "e2el": 959.7274525370449
    },
    "request_id 9": {
      "prompt_tokens": 2000,
      "output_tokens": 10000,
      "ttft": 332.812211480923,
      "e2el": 1015.7599521591328
    },
    "request_id 10": {
      "prompt_tokens": 2000,
      "output_tokens": 10000,
      "ttft": 276.36078704707325,
      "e2el": 1101.1311356262304
    },
    "request_id 11": {
      "prompt_tokens": 2000,
      "output_tokens": 10000,
      "ttft": 104.43252255907282,
      "e2el": 1146.7907668421976
    },
    "request_id 12": {
      "prompt_tokens": 2000,
      "output_tokens": 10000,
      "ttft": 111.04896981734782,
      "e2el": 1173.0646185320802
    },
    "request_id 13": {
      "prompt_tokens": 2000,
      "output_tokens": 10000,
      "ttft": 0.9339677710086107,
      "e2el": 1172.2560992622748
    },
    "request_id 14": {
      "prompt_tokens": 2000,
      "output_tokens": 10000,
      "ttft": 409.82606447767466,
      "e2el": 1150.7352832849137
    },
    "request_id 15": {
      "prompt_tokens": 2000,
      "output_tokens": 10000,
      "ttft": 248.4047842011787,
      "e2el": 1157.0205539898016
    },
    "request_id 16": {
      "prompt_tokens": 2000,
      "output_tokens": 10000,
      "ttft": 58.89662877796218,
      "e2el": 1107.8915331899188
    },
    "request_id 17": {
      "prompt_tokens": 2000,
      "output_tokens": 10000,
      "ttft": 0.8738824240863323,
      "e2el": 1179.476709228009
    },
    "request_id 18": {
      "prompt_tokens": 2000,
      "output_tokens": 10000,
      "ttft": 1.040518578607589,
      "e2el": 1192.9812189815566
    },
    "request_id 19": {
      "prompt_tokens": 2000,
      "output_tokens": 10000,
      "ttft": 240.27822579303756,
      "e2el": 1117.972590147052
    },
    "request_id 20": {
      "prompt_tokens": 2000,
      "output_tokens": 10000,
      "ttft": 110.60007061297074,
      "e2el": 1124.92941724509
    },
    "request_id 21": {
      "prompt_tokens": 2000,
      "output_tokens": 10000,
      "ttft": 144.05265659093857,
      "e2el": 1171.0359743889421
    },
    "request_id 22": {
      "prompt_tokens": 2000,
      "output_tokens": 10000,
      "ttft": 309.22649402264506,
      "e2el": 1168.4259758917615
    },
    "request_id 23": {
      "prompt_tokens": 2000,
      "output_tokens": 10000,
      "ttft": 141.51986929634586,
      "e2el": 1133.9127531517297
    },
    "request_id 24": {
      "prompt_tokens": 2000,
      "output_tokens": 10000,
      "ttft": 130.9481709948741,
      "e2el": 1147.6095495996997
    },
    "request_id 25": {
      "prompt_tokens": 2000,
      "output_tokens": 10000,
      "ttft": 156.45969853689894,
      "e2el": 1166.7408981872723
    },
    "request_id 26": {
      "prompt_tokens": 2000,
      "output_tokens": 10000,
      "ttft": 143.71212299214676,
      "e2el": 1142.8516328632832
    },
    "request_id 27": {
      "prompt_tokens": 2000,
      "output_tokens": 10000,
      "ttft": 137.80095780501142,
      "e2el": 1146.5177569966763
    },
    "request_id 28": {
      "prompt_tokens": 2000,
      "output_tokens": 10000,
      "ttft": 156.77173529285938,
      "e2el": 1161.3198099327274
    },
    "request_id 29": {
      "prompt_tokens": 2000,
      "output_tokens": 10000,
      "ttft": 141.4220764557831,
      "e2el": 1143.3478210885078
    },
    "request_id 30": {
      "prompt_tokens": 2000,
      "output_tokens": 10000,
      "ttft": 134.3204574729316,
      "e2el": 1145.2710846653208
    },
    "request_id 31": {
      "prompt_tokens": 2000,
      "output_tokens": 10000,
      "ttft": 155.22094337502494,
      "e2el": 1161.8309122780338
    },
    "request_id 32": {
      "prompt_tokens": 2000,
      "output_tokens": 10000,
      "ttft": 150.13386445306242,
      "e2el": 1148.1493696472608
    },
    "request_id 33": {
      "prompt_tokens": 2000,
      "output_tokens": 10000,
      "ttft": 132.5591885522008,
      "e2el": 1140.4535400052555
    },
    "request_id 34": {
      "prompt_tokens": 2000,
      "output_tokens": 10000,
      "ttft": 147.3635966349393,
      "e2el": 1156.8379719397053
    },
    "request_id 35": {
      "prompt_tokens": 2000,
      "output_tokens": 10000,
      "ttft": 152.56051448406652,
      "e2el": 1154.7026320891455
    },
    "request_id 36": {
      "prompt_tokens": 2000,
      "output_tokens": 10000,
      "ttft": 138.8001432348974,
      "e2el": 1143.2617663186975
    },
    "request_id 37": {
      "prompt_tokens": 2000,
      "output_tokens": 10000,
      "ttft": 143.3399037849158,
      "e2el": 1150.066979703959
    },
    "request_id 38": {
      "prompt_tokens": 2000,
      "output_tokens": 10000,
      "ttft": 150.88080989010632,
      "e2el": 1155.0705021251924
    },
    "request_id 39": {
      "prompt_tokens": 2000,
      "output_tokens": 10000,
      "ttft": 141.52520836517215,
      "e2el": 1146.9594369470142
    },
    "request_id 40": {
      "prompt_tokens": 2000,
      "output_tokens": 10000,
      "ttft": 142.40036302711815,
      "e2el": 1147.2401081640273
    },
    "request_id 41": {
      "prompt_tokens": 2000,
      "output_tokens": 10000,
      "ttft": 148.95834699412808,
      "e2el": 1153.863830818329
    },
    "request_id 42": {
      "prompt_tokens": 2000,
      "output_tokens": 10000,
      "ttft": 145.2489753589034,
      "e2el": 1150.3210135069676
    },
    "request_id 43": {
      "prompt_tokens": 2000,
      "output_tokens": 10000,
      "ttft": 141.10566194122657,
      "e2el": 1144.6778481113724
    },
    "request_id 44": {
      "prompt_tokens": 2000,
      "output_tokens": 10000,
      "ttft": 145.62446378637105,
      "e2el": 1151.682573712431
    },