{
  "summary": {
    "completed": 100,
    "failed": 0,
    "total_input_tokens": 1000000,
    "total_output_tokens": 200000,
    "request_throughput": 0.20361469099126922,
    "output_throughput": 407.2293819825384,
    "total_token_throughput": 2443.3762918952307,
    "mean_ttft_ms": 23695.070168157108,
    "median_ttft_ms": 24860.01508240588,
    "std_ttft_ms": 4486.880378162432,
    "p99_ttft_ms": 26164.386392985478,
    "mean_tpot_ms": 7.195764453853366,
    "median_tpot_ms": 7.259035662138996,
    "std_tpot_ms": 0.3606158001789306,
    "p99_tpot_ms": 8.037719486936796,
    "mean_itl_ms": 7.19576461083177,
    "median_itl_ms": 6.353501928970218,
    "std_itl_ms": 36.35291351365765,
    "p99_itl_ms": 7.629354232922197,
    "avg_gpu_util_%": 76.88222698072805,
    "max_gpu_util_%": 96.0,
    "min_gpu_util_%": 69.0,
    "avg_gpu_memory_used_mb": 63596.0,
    "max_gpu_memory_used_mb": 63596.0,
    "avg_gpu_memory_free_mb": 17441.0,
    "min_gpu_memory_free_mb": 17441.0
  },
  "requests": {
    "request_id 0": {
      "prompt_tokens": 10000,
      "output_tokens": 2000,
      "ttft": 0.24617371894419193,
      "e2el": 12.72962572099641
    },
    "request_id 1": {
      "prompt_tokens": 10000,
      "output_tokens": 2000,
      "ttft": 19.093698588199914,
      "e2el": 35.13787355739623
    },
    "request_id 2": {
      "prompt_tokens": 10000,
      "output_tokens": 2000,
      "ttft": 0.47921682987362146,
      "e2el": 18.846045177895576
    },
    "request_id 3": {
      "prompt_tokens": 10000,
      "output_tokens": 2000,
      "ttft": 0.47882415913045406,
      "e2el": 12.984086951240897
    },
    "request_id 4": {
      "prompt_tokens": 10000,
      "output_tokens": 2000,
      "ttft": 12.983362573198974,
      "e2el": 25.822185749188066
    },
    "request_id 5": {
      "prompt_tokens": 10000,
      "output_tokens": 2000,
      "ttft": 13.105581464245915,
      "e2el": 27.0491574681364
    },
    "request_id 6": {
      "prompt_tokens": 10000,
      "output_tokens": 2000,
      "ttft": 26.061775851994753,
      "e2el": 38.89922227477655
    },
    "request_id 7": {
      "prompt_tokens": 10000,
      "output_tokens": 2000,
      "ttft": 27.170191450044513,
      "e2el": 43.10568221891299
    },
    "request_id 8": {
      "prompt_tokens": 10000,
      "output_tokens": 2000,
      "ttft": 22.65724279684946,
      "e2el": 36.974900072906166
    },
    "request_id 9": {
      "prompt_tokens": 10000,
      "output_tokens": 2000,
      "ttft": 26.15422674594447,
      "e2el": 39.87363988999277
    },
    "request_id 10": {
      "prompt_tokens": 10000,
      "output_tokens": 2000,
      "ttft": 24.504089804831892,
      "e2el": 40.150751781184226
    },
    "request_id 11": {
      "prompt_tokens": 10000,
      "output_tokens": 2000,
      "ttft": 24.121782834175974,
      "e2el": 37.62265790719539
    },
    "request_id 12": {
      "prompt_tokens": 10000,
      "output_tokens": 2000,
      "ttft": 26.045476759783924,
      "e2el": 41.091412911657244
    },
    "request_id 13": {
      "prompt_tokens": 10000,
      "output_tokens": 2000,
      "ttft": 24.10395552404225,
      "e2el": 38.58189763408154
    },
    "request_id 14": {
      "prompt_tokens": 10000,
      "output_tokens": 2000,
      "ttft": 24.78223085682839,
      "e2el": 39.0355704347603
    },
    "request_id 15": {
      "prompt_tokens": 10000,
      "output_tokens": 2000,
      "ttft": 25.27451879903674,
      "e2el": 40.14967631408945
    },
    "request_id 16": {
      "prompt_tokens": 10000,
      "output_tokens": 2000,
      "ttft": 24.258716952055693,
      "e2el": 38.272183045279235
    },
    "request_id 17": {
      "prompt_tokens": 10000,
      "output_tokens": 2000,
      "ttft": 25.31780945090577,
      "e2el": 39.97137458715588
    },
    "request_id 18": {
      "prompt_tokens": 10000,
      "output_tokens": 2000,
      "ttft": 24.50309675000608,
      "e2el": 39.00866270577535
    },
    "request_id 19": {
      "prompt_tokens": 10000,
      "output_tokens": 2000,
      "ttft": 24.768793161027133,
      "e2el": 39.13793173478916
    },
    "request_id 20": {
      "prompt_tokens": 10000,
      "output_tokens": 2000,
      "ttft": 24.926701053977013,
      "e2el": 39.60437146294862
    },
    "request_id 21": {
      "prompt_tokens": 10000,
      "output_tokens": 2000,
      "ttft": 24.527089328039438,
      "e2el": 38.79270718107
    },
    "request_id 22": {
      "prompt_tokens": 10000,
      "output_tokens": 2000,
      "ttft": 24.888400855008513,
      "e2el": 39.54850905109197
    },
    "request_id 23": {
      "prompt_tokens": 10000,
      "output_tokens": 2000,
      "ttft": 24.72965417476371,
      "e2el": 39.24122176878154
    },
    "request_id 24": {
      "prompt_tokens": 10000,
      "output_tokens": 2000,
      "ttft": 24.778020974248648,
      "e2el": 39.34355669049546
    },
    "request_id 25": {
      "prompt_tokens": 10000,
      "output_tokens": 2000,
      "ttft": 24.898123594000936,
      "e2el": 39.508549141231924
    },
    "request_id 26": {
      "prompt_tokens": 10000,
      "output_tokens": 2000,
      "ttft": 24.735293328296393,
      "e2el": 39.16679967101663
    },
    "request_id 27": {
      "prompt_tokens": 10000,
      "output_tokens": 2000,
      "ttft": 24.975670899264514,
      "e2el": 39.66259748861194
    },
    "request_id 28": {
      "prompt_tokens": 10000,
      "output_tokens": 2000,
      "ttft": 24.830931751988828,
      "e2el": 39.34098940715194
    },
    "request_id 29": {
      "prompt_tokens": 10000,
      "output_tokens": 2000,
      "ttft": 24.902272989973426,
      "e2el": 39.25371390301734
    },
    "request_id 30": {
      "prompt_tokens": 10000,
      "output_tokens": 2000,
      "ttft": 25.000938076991588,
      "e2el": 39.02859872300178
    },
    "request_id 31": {
      "prompt_tokens": 10000,
      "output_tokens": 2000,
      "ttft": 24.82955538807437,
      "e2el": 38.38291736226529
    },
    "request_id 32": {
      "prompt_tokens": 10000,
      "output_tokens": 2000,
      "ttft": 24.687857528682798,
      "e2el": 38.151419513858855
    },
    "request_id 33": {
      "prompt_tokens": 10000,
      "output_tokens": 2000,
      "ttft": 24.417408933863044,
      "e2el": 37.66475482285023
    },
    "request_id 34": {
      "prompt_tokens": 10000,
      "output_tokens": 2000,
      "ttft": 23.95203921897337,
      "e2el": 37.266139570157975
    },
    "request_id 35": {
      "prompt_tokens": 10000,
      "output_tokens": 2000,
      "ttft": 23.464256735984236,
      "e2el": 36.84026591619477
    },
    "request_id 36": {
      "prompt_tokens": 10000,
      "output_tokens": 2000,
      "ttft": 23.15504555311054,
      "e2el": 36.70785577502102
    },
    "request_id 37": {
      "prompt_tokens": 10000,
      "output_tokens": 2000,
      "ttft": 22.914081760682166,
      "e2el": 36.848686151672155
    },
    "request_id 38": {
      "prompt_tokens": 10000,
      "output_tokens": 2000,
      "ttft": 22.81401490420103,
      "e2el": 36.94667271943763
    },
    "request_id 39": {
      "prompt_tokens": 10000,
      "output_tokens": 2000,
      "ttft": 23.155431819614023,
      "e2el": 37.29584819357842
    },
    "request_id 40": {
      "prompt_tokens": 10000,
      "output_tokens": 2000,
      "ttft": 23.385183125268668,
      "e2el": 37.55730619747192
    },
    "request_id 41": {
      "prompt_tokens": 10000,
      "output_tokens": 2000,
      "ttft": 23.698049681726843,
      "e2el": 37.8103067795746
    },
    "request_id 42": {
      "prompt_tokens": 10000,
      "output_tokens": 2000,
      "ttft": 23.98217905499041,
      "e2el": 38.21308970497921
    },
    "request_id 43": {
      "prompt_tokens": 10000,
      "output_tokens": 2000,
      "ttft": 24.181606881786138,
      "e2el": 38.285723495762795
    },
    "request_id 44": {
      "prompt_tokens": 10000,
      "output_tokens": 2000,
      "ttft": 24.25787599897012,
      "e2el": 38.388904673047364
    },