{
  "summary": {
    "completed": 100,
    "failed": 0,
    "total_input_tokens": 1000000,
    "total_output_tokens": 200000,
    "request_throughput": 0.021287426279919777,
    "output_throughput": 42.57485255983955,
    "total_token_throughput": 255.4491153590373,
    "mean_ttft_ms": 226733.4908376448,
    "median_ttft_ms": 236880.04308892414,
    "std_ttft_ms": 43325.3669181119,
    "p99_ttft_ms": 249057.5445196731,
    "mean_tpot_ms": 68.93001939851433,
    "median_tpot_ms": 69.30359788523198,
    "std_tpot_ms": 3.3255315427222865,
    "p99_tpot_ms": 75.4651899275889,
    "mean_itl_ms": 68.93001960346585,
    "median_itl_ms": 62.95897578820586,
    "std_itl_ms": 327.4141898856652,
    "p99_itl_ms": 81.66515199933205,
    "avg_gpu_util_%": 100.0,
    "max_gpu_util_%": 100.0,
    "min_gpu_util_%": 100.0,
    "avg_gpu_memory_used_mb": 77716.95189442315,
    "max_gpu_memory_used_mb": 77890.0,
    "avg_gpu_memory_free_mb": 3323.9493401447426,
    "min_gpu_memory_free_mb": 3147.0
  },
  "requests": {
    "request_id 0": {
      "prompt_tokens": 10000,
      "output_tokens": 2000,
      "ttft": 1.9256917648017406,
      "e2el": 115.63170190062374
    },
    "request_id 1": {
      "prompt_tokens": 10000,
      "output_tokens": 2000,
      "ttft": 119.02804065402597,
      "e2el": 251.64105985499918
    },
    "request_id 2": {
      "prompt_tokens": 10000,
      "output_tokens": 2000,
      "ttft": 1.9241009959951043,
      "e2el": 115.62871163059026
    },
    "request_id 3": {
      "prompt_tokens": 10000,
      "output_tokens": 2000,
      "ttft": 2.8892423491925,
      "e2el": 173.9934817510657
    },
    "request_id 4": {
      "prompt_tokens": 10000,
      "output_tokens": 2000,
      "ttft": 176.19822332216427,
      "e2el": 326.848599919118
    },
    "request_id 5": {
      "prompt_tokens": 10000,
      "output_tokens": 2000,
      "ttft": 119.02451822627336,
      "e2el": 239.04000404058024
    },
    "request_id 6": {
      "prompt_tokens": 10000,
      "output_tokens": 2000,
      "ttft": 252.65782054886222,
      "e2el": 402.628392491024
    },
    "request_id 7": {
      "prompt_tokens": 10000,
      "output_tokens": 2000,
      "ttft": 241.20832040486857,
      "e2el": 362.51647590100765
    },
    "request_id 8": {
      "prompt_tokens": 10000,
      "output_tokens": 2000,
      "ttft": 213.47287175105885,
      "e2el": 348.8240054422058
    },
    "request_id 9": {
      "prompt_tokens": 10000,
      "output_tokens": 2000,
      "ttft": 249.02117809513584,
      "e2el": 378.67487137112767
    },
    "request_id 10": {
      "prompt_tokens": 10000,
      "output_tokens": 2000,
      "ttft": 230.80905448226258,
      "e2el": 378.21304652420804
    },
    "request_id 11": {
      "prompt_tokens": 10000,
      "output_tokens": 2000,
      "ttft": 227.58480352535844,
      "e2el": 355.26350560504943
    },
    "request_id 12": {
      "prompt_tokens": 10000,
      "output_tokens": 2000,
      "ttft": 244.80962735414505,
      "e2el": 387.4824314783327
    },
    "request_id 13": {
      "prompt_tokens": 10000,
      "output_tokens": 2000,
      "ttft": 227.54359723301604,
      "e2el": 364.463378963992
    },
    "request_id 14": {
      "prompt_tokens": 10000,
      "output_tokens": 2000,
      "ttft": 233.94286905508488,
      "e2el": 368.97191925998777
    },
    "request_id 15": {
      "prompt_tokens": 10000,
      "output_tokens": 2000,
      "ttft": 238.6694036978297,
      "e2el": 380.18131678085774
    },
    "request_id 16": {
      "prompt_tokens": 10000,
      "output_tokens": 2000,
      "ttft": 229.04626221908256,
      "e2el": 362.74333300907165
    },
    "request_id 17": {
      "prompt_tokens": 10000,
      "output_tokens": 2000,
      "ttft": 239.34832581179217,
      "e2el": 379.1898471014574
    },
    "request_id 18": {
      "prompt_tokens": 10000,
      "output_tokens": 2000,
      "ttft": 232.79450320499018,
      "e2el": 370.22593363467604
    },
    "request_id 19": {
      "prompt_tokens": 10000,
      "output_tokens": 2000,
      "ttft": 235.07445150287822,
      "e2el": 371.8628658140078
    },
    "request_id 20": {
      "prompt_tokens": 10000,
      "output_tokens": 2000,
      "ttft": 236.53576484834775,
      "e2el": 376.0411405111663
    },
    "request_id 21": {
      "prompt_tokens": 10000,
      "output_tokens": 2000,
      "ttft": 233.31622534198686,
      "e2el": 369.1372608128004
    },
    "request_id 22": {
      "prompt_tokens": 10000,
      "output_tokens": 2000,
      "ttft": 236.85815399186686,
      "e2el": 376.33710783161223
    },
    "request_id 23": {
      "prompt_tokens": 10000,
      "output_tokens": 2000,
      "ttft": 234.5304694790393,
      "e2el": 372.2071714140475
    },
    "request_id 24": {
      "prompt_tokens": 10000,
      "output_tokens": 2000,
      "ttft": 235.437408558093,
      "e2el": 373.50630006799474
    },
    "request_id 25": {
      "prompt_tokens": 10000,
      "output_tokens": 2000,
      "ttft": 236.5181001899764,
      "e2el": 375.3835691520944
    },
    "request_id 26": {
      "prompt_tokens": 10000,
      "output_tokens": 2000,
      "ttft": 234.77116161817685,
      "e2el": 372.01796496938914
    },
    "request_id 27": {
      "prompt_tokens": 10000,
      "output_tokens": 2000,
      "ttft": 236.72723209112883,
      "e2el": 375.5957756731659
    },
    "request_id 28": {
      "prompt_tokens": 10000,
      "output_tokens": 2000,
      "ttft": 235.89609141089022,
      "e2el": 373.9115870646201
    },
    "request_id 29": {
      "prompt_tokens": 10000,
      "output_tokens": 2000,
      "ttft": 236.18543251557276,
      "e2el": 374.3444680836983
    },
    "request_id 30": {
      "prompt_tokens": 10000,
      "output_tokens": 2000,
      "ttft": 236.11962466919795,
      "e2el": 375.1124426466413
    },
    "request_id 31": {
      "prompt_tokens": 10000,
      "output_tokens": 2000,
      "ttft": 236.2382948677987,
      "e2el": 373.5244974116795
    },
    "request_id 32": {
      "prompt_tokens": 10000,
      "output_tokens": 2000,
      "ttft": 236.27317298017442,
      "e2el": 375.3440742935054
    },
    "request_id 33": {
      "prompt_tokens": 10000,
      "output_tokens": 2000,
      "ttft": 236.23113242117688,
      "e2el": 374.3477730853483
    },
    "request_id 34": {
      "prompt_tokens": 10000,
      "output_tokens": 2000,
      "ttft": 236.28529778309166,
      "e2el": 374.90921725239605
    },
    "request_id 35": {
      "prompt_tokens": 10000,
      "output_tokens": 2000,
      "ttft": 236.46399746323004,
      "e2el": 375.48607810633257
    },
    "request_id 36": {
      "prompt_tokens": 10000,
      "output_tokens": 2000,
      "ttft": 236.33843376720324,
      "e2el": 374.2799361841753
    },
    "request_id 37": {
      "prompt_tokens": 10000,
      "output_tokens": 2000,
      "ttft": 236.75393670704216,
      "e2el": 375.94413800816983
    },
    "request_id 38": {
      "prompt_tokens": 10000,
      "output_tokens": 2000,
      "ttft": 236.49894143408164,
      "e2el": 374.97896981425583
    },
    "request_id 39": {
      "prompt_tokens": 10000,
      "output_tokens": 2000,
      "ttft": 237.00170304020867,
      "e2el": 375.7626339243725
    },
    "request_id 40": {
      "prompt_tokens": 10000,
      "output_tokens": 2000,
      "ttft": 236.88036964274943,
      "e2el": 375.8444138504565
    },
    "request_id 41": {
      "prompt_tokens": 10000,
      "output_tokens": 2000,
      "ttft": 236.87911438802257,
      "e2el": 375.09187560901046
    },
    "request_id 42": {
      "prompt_tokens": 10000,
      "output_tokens": 2000,
      "ttft": 237.13806666899472,
      "e2el": 376.37157573737204
    },
    "request_id 43": {
      "prompt_tokens": 10000,
      "output_tokens": 2000,
      "ttft": 236.8244240451604,
      "e2el": 375.0841821981594
    },
    "request_id 44": {
      "prompt_tokens": 10000,
      "output_tokens": 2000,
      "ttft": 237.15129269985482,
      "e2el": 376.43176547717303
    },