{
  "summary": {
    "completed": 100,
    "failed": 0,
    "total_input_tokens": 1000000,
    "total_output_tokens": 200000,
    "request_throughput": 0.021293179856884815,
    "output_throughput": 42.58635971376963,
    "total_token_throughput": 255.5181582826178,
    "mean_ttft_ms": 226745.38851455785,
    "median_ttft_ms": 236890.84954746068,
    "std_ttft_ms": 43166.78311446233,
    "p99_ttft_ms": 246252.13210890538,
    "mean_tpot_ms": 69.00571244217646,
    "median_tpot_ms": 69.48127125491438,
    "std_tpot_ms": 3.3543264377778517,
    "p99_tpot_ms": 75.51351190161239,
    "mean_itl_ms": 69.00571265465683,
    "median_itl_ms": 62.92382092215121,
    "std_itl_ms": 339.6359113644359,
    "p99_itl_ms": 69.22854305244984,
    "avg_gpu_util_%": 100.0,
    "max_gpu_util_%": 100.0,
    "min_gpu_util_%": 100.0,
    "avg_gpu_memory_used_mb": 77723.67255695125,
    "max_gpu_memory_used_mb": 77890.0,
    "avg_gpu_memory_free_mb": 3316.8258462848626,
    "min_gpu_memory_free_mb": 3147.0
  },
  "requests": {
    "request_id 0": {
      "prompt_tokens": 10000,
      "output_tokens": 2000,
      "ttft": 1.483467174693942,
      "e2el": 116.49146951874718
    },
    "request_id 1": {
      "prompt_tokens": 10000,
      "output_tokens": 2000,
      "ttft": 253.17016113828868,
      "e2el": 403.9198095384054
    },
    "request_id 2": {
      "prompt_tokens": 10000,
      "output_tokens": 2000,
      "ttft": 3.713119580876082,
      "e2el": 118.98785353079438
    },
    "request_id 3": {
      "prompt_tokens": 10000,
      "output_tokens": 2000,
      "ttft": 3.694736370816827,
      "e2el": 174.6306321178563
    },
    "request_id 4": {
      "prompt_tokens": 10000,
      "output_tokens": 2000,
      "ttft": 118.96808764478192,
      "e2el": 239.70548527967185
    },
    "request_id 5": {
      "prompt_tokens": 10000,
      "output_tokens": 2000,
      "ttft": 120.12333287997171,
      "e2el": 252.02073730016127
    },
    "request_id 6": {
      "prompt_tokens": 10000,
      "output_tokens": 2000,
      "ttft": 176.99393410608172,
      "e2el": 327.2861442309804
    },
    "request_id 7": {
      "prompt_tokens": 10000,
      "output_tokens": 2000,
      "ttft": 241.9797092541121,
      "e2el": 362.890433606226
    },
    "request_id 8": {
      "prompt_tokens": 10000,
      "output_tokens": 2000,
      "ttft": 213.19447875907645,
      "e2el": 348.1271649613045
    },
    "request_id 9": {
      "prompt_tokens": 10000,
      "output_tokens": 2000,
      "ttft": 246.18225302780047,
      "e2el": 376.30937385885045
    },
    "request_id 10": {
      "prompt_tokens": 10000,
      "output_tokens": 2000,
      "ttft": 231.4826115067117,
      "e2el": 378.5695806420408
    },
    "request_id 11": {
      "prompt_tokens": 10000,
      "output_tokens": 2000,
      "ttft": 227.11754761217162,
      "e2el": 355.54897709423676
    },
    "request_id 12": {
      "prompt_tokens": 10000,
      "output_tokens": 2000,
      "ttft": 245.5086469571106,
      "e2el": 387.9113281359896
    },
    "request_id 13": {
      "prompt_tokens": 10000,
      "output_tokens": 2000,
      "ttft": 228.20803648000583,
      "e2el": 364.7325450219214
    },
    "request_id 14": {
      "prompt_tokens": 10000,
      "output_tokens": 2000,
      "ttft": 234.64283540984616,
      "e2el": 370.1756465737708
    },
    "request_id 15": {
      "prompt_tokens": 10000,
      "output_tokens": 2000,
      "ttft": 238.3425754518248,
      "e2el": 379.4774248157628
    },
    "request_id 16": {
      "prompt_tokens": 10000,
      "output_tokens": 2000,
      "ttft": 229.7080620219931,
      "e2el": 364.20121628511697
    },
    "request_id 17": {
      "prompt_tokens": 10000,
      "output_tokens": 2000,
      "ttft": 239.9510938921012,
      "e2el": 379.5331036699936
    },
    "request_id 18": {
      "prompt_tokens": 10000,
      "output_tokens": 2000,
      "ttft": 232.4655762980692,
      "e2el": 369.5511213890277
    },
    "request_id 19": {
      "prompt_tokens": 10000,
      "output_tokens": 2000,
      "ttft": 235.7166851949878,
      "e2el": 372.846719014924
    },
    "request_id 20": {
      "prompt_tokens": 10000,
      "output_tokens": 2000,
      "ttft": 237.11480195214972,
      "e2el": 376.27287121117115
    },
    "request_id 21": {
      "prompt_tokens": 10000,
      "output_tokens": 2000,
      "ttft": 232.98353719105944,
      "e2el": 370.3582835709676
    },
    "request_id 22": {
      "prompt_tokens": 10000,
      "output_tokens": 2000,
      "ttft": 237.1508184131235,
      "e2el": 375.5838705999777
    },
    "request_id 23": {
      "prompt_tokens": 10000,
      "output_tokens": 2000,
      "ttft": 235.11358062596992,
      "e2el": 373.25952701084316
    },
    "request_id 24": {
      "prompt_tokens": 10000,
      "output_tokens": 2000,
      "ttft": 235.70149244600907,
      "e2el": 373.2813037717715
    },
    "request_id 25": {
      "prompt_tokens": 10000,
      "output_tokens": 2000,
      "ttft": 236.1279878038913,
      "e2el": 375.35927391890436
    },
    "request_id 26": {
      "prompt_tokens": 10000,
      "output_tokens": 2000,
      "ttft": 236.07074218196794,
      "e2el": 373.8948065782897
    },
    "request_id 27": {
      "prompt_tokens": 10000,
      "output_tokens": 2000,
      "ttft": 236.21903456980363,
      "e2el": 374.77925241272897
    },
    "request_id 28": {
      "prompt_tokens": 10000,
      "output_tokens": 2000,
      "ttft": 236.22647160105407,
      "e2el": 374.80793301807716
    },
    "request_id 29": {
      "prompt_tokens": 10000,
      "output_tokens": 2000,
      "ttft": 236.31092720106244,
      "e2el": 374.0912645449862
    },
    "request_id 30": {
      "prompt_tokens": 10000,
      "output_tokens": 2000,
      "ttft": 236.49962642928585,
      "e2el": 375.9666279149242
    },
    "request_id 31": {
      "prompt_tokens": 10000,
      "output_tokens": 2000,
      "ttft": 236.4795340592973,
      "e2el": 374.40077271452174
    },
    "request_id 32": {
      "prompt_tokens": 10000,
      "output_tokens": 2000,
      "ttft": 236.55936236819252,
      "e2el": 375.4750847420655
    },
    "request_id 33": {
      "prompt_tokens": 10000,
      "output_tokens": 2000,
      "ttft": 236.61616860888898,
      "e2el": 375.4299771315418
    },
    "request_id 34": {
      "prompt_tokens": 10000,
      "output_tokens": 2000,
      "ttft": 236.39302420895547,
      "e2el": 374.74905184609815
    },
    "request_id 35": {
      "prompt_tokens": 10000,
      "output_tokens": 2000,
      "ttft": 236.89135230286047,
      "e2el": 376.5952637377195
    },
    "request_id 36": {
      "prompt_tokens": 10000,
      "output_tokens": 2000,
      "ttft": 236.61752872681245,
      "e2el": 375.0362946698442
    },
    "request_id 37": {
      "prompt_tokens": 10000,
      "output_tokens": 2000,
      "ttft": 237.02662785025313,
      "e2el": 376.151096961461
    },
    "request_id 38": {
      "prompt_tokens": 10000,
      "output_tokens": 2000,
      "ttft": 236.93292025197297,
      "e2el": 375.9817604450509
    },
    "request_id 39": {
      "prompt_tokens": 10000,
      "output_tokens": 2000,
      "ttft": 236.9868960059248,
      "e2el": 375.4827725482173
    },
    "request_id 40": {
      "prompt_tokens": 10000,
      "output_tokens": 2000,
      "ttft": 237.20942863589153,
      "e2el": 377.0217096400447
    },
    "request_id 41": {
      "prompt_tokens": 10000,
      "output_tokens": 2000,
      "ttft": 236.9603402139619,
      "e2el": 375.33970373217016
    },
    "request_id 42": {
      "prompt_tokens": 10000,
      "output_tokens": 2000,
      "ttft": 237.20141073921695,
      "e2el": 376.5460554994643
    },
    "request_id 43": {
      "prompt_tokens": 10000,
      "output_tokens": 2000,
      "ttft": 237.0612078178674,
      "e2el": 375.8581899218261
    },
    "request_id 44": {
      "prompt_tokens": 10000,
      "output_tokens": 2000,
      "ttft": 236.87533888593316,
      "e2el": 375.92317278683186
    },