{
  "summary": {
    "completed": 100,
    "failed": 0,
    "total_input_tokens": 1000000,
    "total_output_tokens": 200000,
    "request_throughput": 0.021288069491482854,
    "output_throughput": 42.57613898296571,
    "total_token_throughput": 255.45683389779424,
    "mean_ttft_ms": 226687.23503658548,
    "median_ttft_ms": 236877.40092468448,
    "std_ttft_ms": 43342.3482864858,
    "p99_ttft_ms": 246708.51102047137,
    "mean_tpot_ms": 68.94331078818921,
    "median_tpot_ms": 69.29525330193573,
    "std_tpot_ms": 3.267479537955494,
    "p99_tpot_ms": 75.51743948485768,
    "mean_itl_ms": 68.9433109877154,
    "median_itl_ms": 62.964202370494604,
    "std_itl_ms": 326.26414111476885,
    "p99_itl_ms": 81.74477347638458,
    "avg_gpu_util_%": 100.0,
    "max_gpu_util_%": 100.0,
    "min_gpu_util_%": 100.0,
    "avg_gpu_memory_used_mb": 77714.69987228607,
    "max_gpu_memory_used_mb": 77890.0,
    "avg_gpu_memory_free_mb": 3326.3358876117495,
    "min_gpu_memory_free_mb": 3147.0
  },
  "requests": {
    "request_id 0": {
      "prompt_tokens": 10000,
      "output_tokens": 2000,
      "ttft": 2.8595567219890654,
      "e2el": 117.92445103917271
    },
    "request_id 1": {
      "prompt_tokens": 10000,
      "output_tokens": 2000,
      "ttft": 1.0005879350937903,
      "e2el": 115.6138967750594
    },
    "request_id 2": {
      "prompt_tokens": 10000,
      "output_tokens": 2000,
      "ttft": 2.856998248025775,
      "e2el": 173.8417375558056
    },
    "request_id 3": {
      "prompt_tokens": 10000,
      "output_tokens": 2000,
      "ttft": 241.11659374600276,
      "e2el": 362.4254940790124
    },
    "request_id 4": {
      "prompt_tokens": 10000,
      "output_tokens": 2000,
      "ttft": 117.91999846510589,
      "e2el": 238.94618652621284
    },
    "request_id 5": {
      "prompt_tokens": 10000,
      "output_tokens": 2000,
      "ttft": 176.02658868394792,
      "e2el": 326.78367432719097
    },
    "request_id 6": {
      "prompt_tokens": 10000,
      "output_tokens": 2000,
      "ttft": 119.03013731678948,
      "e2el": 251.54127445304766
    },
    "request_id 7": {
      "prompt_tokens": 10000,
      "output_tokens": 2000,
      "ttft": 252.5645093768835,
      "e2el": 402.558418369852
    },
    "request_id 8": {
      "prompt_tokens": 10000,
      "output_tokens": 2000,
      "ttft": 213.42535522812977,
      "e2el": 348.7622564509511
    },
    "request_id 9": {
      "prompt_tokens": 10000,
      "output_tokens": 2000,
      "ttft": 246.64935952192172,
      "e2el": 376.3233315460384
    },
    "request_id 10": {
      "prompt_tokens": 10000,
      "output_tokens": 2000,
      "ttft": 230.86701209517196,
      "e2el": 378.2830337099731
    },
    "request_id 11": {
      "prompt_tokens": 10000,
      "output_tokens": 2000,
      "ttft": 227.60516610881314,
      "e2el": 355.28210982866585
    },
    "request_id 12": {
      "prompt_tokens": 10000,
      "output_tokens": 2000,
      "ttft": 244.82402770314366,
      "e2el": 387.4963614442386
    },
    "request_id 13": {
      "prompt_tokens": 10000,
      "output_tokens": 2000,
      "ttft": 227.52458019088954,
      "e2el": 364.4104111860506
    },
    "request_id 14": {
      "prompt_tokens": 10000,
      "output_tokens": 2000,
      "ttft": 233.9582841610536,
      "e2el": 368.932931706775
    },
    "request_id 15": {
      "prompt_tokens": 10000,
      "output_tokens": 2000,
      "ttft": 238.64070026110858,
      "e2el": 380.115552412346
    },
    "request_id 16": {
      "prompt_tokens": 10000,
      "output_tokens": 2000,
      "ttft": 229.011807535775,
      "e2el": 362.66567918565124
    },
    "request_id 17": {
      "prompt_tokens": 10000,
      "output_tokens": 2000,
      "ttft": 239.27351799607277,
      "e2el": 379.0798394540325
    },
    "request_id 18": {
      "prompt_tokens": 10000,
      "output_tokens": 2000,
      "ttft": 232.72729455679655,
      "e2el": 370.1562461685389
    },
    "request_id 19": {
      "prompt_tokens": 10000,
      "output_tokens": 2000,
      "ttft": 234.981902748812,
      "e2el": 371.7691744240001
    },
    "request_id 20": {
      "prompt_tokens": 10000,
      "output_tokens": 2000,
      "ttft": 236.46611685398966,
      "e2el": 375.9492319650017
    },
    "request_id 21": {
      "prompt_tokens": 10000,
      "output_tokens": 2000,
      "ttft": 233.2676855190657,
      "e2el": 369.06579525815323
    },
    "request_id 22": {
      "prompt_tokens": 10000,
      "output_tokens": 2000,
      "ttft": 236.82717540720478,
      "e2el": 376.2813284038566
    },
    "request_id 23": {
      "prompt_tokens": 10000,
      "output_tokens": 2000,
      "ttft": 234.47909843502566,
      "e2el": 372.1148962499574
    },
    "request_id 24": {
      "prompt_tokens": 10000,
      "output_tokens": 2000,
      "ttft": 235.40633084392175,
      "e2el": 373.4365358259529
    },
    "request_id 25": {
      "prompt_tokens": 10000,
      "output_tokens": 2000,
      "ttft": 236.50250817509368,
      "e2el": 375.3209710530937
    },
    "request_id 26": {
      "prompt_tokens": 10000,
      "output_tokens": 2000,
      "ttft": 234.70102823106572,
      "e2el": 371.98430366208777
    },
    "request_id 27": {
      "prompt_tokens": 10000,
      "output_tokens": 2000,
      "ttft": 236.67276475997642,
      "e2el": 375.55387911200523
    },
    "request_id 28": {
      "prompt_tokens": 10000,
      "output_tokens": 2000,
      "ttft": 235.84304991038516,
      "e2el": 373.8743690215051
    },
    "request_id 29": {
      "prompt_tokens": 10000,
      "output_tokens": 2000,
      "ttft": 236.1638678018935,
      "e2el": 374.3202019385062
    },
    "request_id 30": {
      "prompt_tokens": 10000,
      "output_tokens": 2000,
      "ttft": 236.1031277962029,
      "e2el": 375.09002346079797
    },
    "request_id 31": {
      "prompt_tokens": 10000,
      "output_tokens": 2000,
      "ttft": 236.26237254403532,
      "e2el": 373.6004830538295
    },
    "request_id 32": {
      "prompt_tokens": 10000,
      "output_tokens": 2000,
      "ttft": 236.29285080963746,
      "e2el": 375.43290512356907
    },
    "request_id 33": {
      "prompt_tokens": 10000,
      "output_tokens": 2000,
      "ttft": 236.27573209814727,
      "e2el": 374.44165887730196
    },
    "request_id 34": {
      "prompt_tokens": 10000,
      "output_tokens": 2000,
      "ttft": 236.31868656398728,
      "e2el": 374.95891068084165
    },
    "request_id 35": {
      "prompt_tokens": 10000,
      "output_tokens": 2000,
      "ttft": 236.5433476907201,
      "e2el": 375.5609380239621
    },
    "request_id 36": {
      "prompt_tokens": 10000,
      "output_tokens": 2000,
      "ttft": 236.4149354379624,
      "e2el": 374.35452309716493
    },
    "request_id 37": {
      "prompt_tokens": 10000,
      "output_tokens": 2000,
      "ttft": 236.8338691671379,
      "e2el": 376.0000619594939
    },
    "request_id 38": {
      "prompt_tokens": 10000,
      "output_tokens": 2000,
      "ttft": 236.57733320677653,
      "e2el": 374.9994598599151
    },
    "request_id 39": {
      "prompt_tokens": 10000,
      "output_tokens": 2000,
      "ttft": 237.00020277313888,
      "e2el": 375.7250182167627
    },
    "request_id 40": {
      "prompt_tokens": 10000,
      "output_tokens": 2000,
      "ttft": 236.8497101138346,
      "e2el": 375.7895106477663
    },
    "request_id 41": {
      "prompt_tokens": 10000,
      "output_tokens": 2000,
      "ttft": 236.83005978399888,
      "e2el": 375.0411246418953
    },
    "request_id 42": {
      "prompt_tokens": 10000,
      "output_tokens": 2000,
      "ttft": 237.08614072017372,
      "e2el": 376.3188690431416
    },
    "request_id 43": {
      "prompt_tokens": 10000,
      "output_tokens": 2000,
      "ttft": 236.7747452328913,
      "e2el": 375.01572945388034
    },
    "request_id 44": {
      "prompt_tokens": 10000,
      "output_tokens": 2000,
      "ttft": 237.09651406295598,
      "e2el": 376.37625862890854
    },