{
  "summary": {
    "completed": 100,
    "failed": 0,
    "total_input_tokens": 1000000,
    "total_output_tokens": 200000,
    "request_throughput": 0.021282893088322385,
    "output_throughput": 42.565786176644764,
    "total_token_throughput": 255.3947170598686,
    "mean_ttft_ms": 226232.67690474633,
    "median_ttft_ms": 236630.7815767359,
    "std_ttft_ms": 43536.89110416302,
    "p99_ttft_ms": 246890.26569237933,
    "mean_tpot_ms": 69.05550438129185,
    "median_tpot_ms": 69.45281824725528,
    "std_tpot_ms": 3.2310624589819086,
    "p99_tpot_ms": 75.53681854997953,
    "mean_itl_ms": 69.05550459209735,
    "median_itl_ms": 63.1243756506592,
    "std_itl_ms": 310.53222467905715,
    "p99_itl_ms": 82.17571286950262,
    "avg_gpu_util_%": 100.0,
    "max_gpu_util_%": 100.0,
    "min_gpu_util_%": 100.0,
    "avg_gpu_memory_used_mb": 77688.49074271122,
    "max_gpu_memory_used_mb": 77890.0,
    "avg_gpu_memory_free_mb": 3352.54415833156,
    "min_gpu_memory_free_mb": 3147.0
  },
  "requests": {
    "request_id 0": {
      "prompt_tokens": 10000,
      "output_tokens": 2000,
      "ttft": 0.8675962309353054,
      "e2el": 112.24351062299684
    },
    "request_id 1": {
      "prompt_tokens": 10000,
      "output_tokens": 2000,
      "ttft": 115.31750891404226,
      "e2el": 247.9388097221963
    },
    "request_id 2": {
      "prompt_tokens": 10000,
      "output_tokens": 2000,
      "ttft": 2.3426432930864394,
      "e2el": 114.30325755104423
    },
    "request_id 3": {
      "prompt_tokens": 10000,
      "output_tokens": 2000,
      "ttft": 2.3415737659670413,
      "e2el": 170.87293350696564
    },
    "request_id 4": {
      "prompt_tokens": 10000,
      "output_tokens": 2000,
      "ttft": 114.30192591203377,
      "e2el": 235.51303964387625
    },
    "request_id 5": {
      "prompt_tokens": 10000,
      "output_tokens": 2000,
      "ttft": 248.9516036421992,
      "e2el": 399.7726008198224
    },
    "request_id 6": {
      "prompt_tokens": 10000,
      "output_tokens": 2000,
      "ttft": 172.81600722204894,
      "e2el": 323.423554752022
    },
    "request_id 7": {
      "prompt_tokens": 10000,
      "output_tokens": 2000,
      "ttft": 237.4639881500043,
      "e2el": 359.288283275906
    },
    "request_id 8": {
      "prompt_tokens": 10000,
      "output_tokens": 2000,
      "ttft": 213.19931911770254,
      "e2el": 348.66135984193534
    },
    "request_id 9": {
      "prompt_tokens": 10000,
      "output_tokens": 2000,
      "ttft": 246.8694440969266,
      "e2el": 377.1819885089062
    },
    "request_id 10": {
      "prompt_tokens": 10000,
      "output_tokens": 2000,
      "ttft": 230.74058451363817,
      "e2el": 377.77813423331827
    },
    "request_id 11": {
      "prompt_tokens": 10000,
      "output_tokens": 2000,
      "ttft": 227.34581037657335,
      "e2el": 355.49318972975016
    },
    "request_id 12": {
      "prompt_tokens": 10000,
      "output_tokens": 2000,
      "ttft": 245.4023239002563,
      "e2el": 387.94687062408775
    },
    "request_id 13": {
      "prompt_tokens": 10000,
      "output_tokens": 2000,
      "ttft": 227.1531792501919,
      "e2el": 364.31332304002717
    },
    "request_id 14": {
      "prompt_tokens": 10000,
      "output_tokens": 2000,
      "ttft": 233.58127000089735,
      "e2el": 368.95606021070853
    },
    "request_id 15": {
      "prompt_tokens": 10000,
      "output_tokens": 2000,
      "ttft": 237.98968510795385,
      "e2el": 379.5536221601069
    },
    "request_id 16": {
      "prompt_tokens": 10000,
      "output_tokens": 2000,
      "ttft": 228.7655617929995,
      "e2el": 362.85484467307106
    },
    "request_id 17": {
      "prompt_tokens": 10000,
      "output_tokens": 2000,
      "ttft": 238.66017657890916,
      "e2el": 378.62778622098267
    },
    "request_id 18": {
      "prompt_tokens": 10000,
      "output_tokens": 2000,
      "ttft": 232.5650207772851,
      "e2el": 370.28816274320707
    },
    "request_id 19": {
      "prompt_tokens": 10000,
      "output_tokens": 2000,
      "ttft": 234.63973825378343,
      "e2el": 371.7878114199266
    },
    "request_id 20": {
      "prompt_tokens": 10000,
      "output_tokens": 2000,
      "ttft": 236.11908712424338,
      "e2el": 375.74572720425203
    },
    "request_id 21": {
      "prompt_tokens": 10000,
      "output_tokens": 2000,
      "ttft": 233.0833062841557,
      "e2el": 369.27073582680896
    },
    "request_id 22": {
      "prompt_tokens": 10000,
      "output_tokens": 2000,
      "ttft": 236.42542416788638,
      "e2el": 376.1031916108914
    },
    "request_id 23": {
      "prompt_tokens": 10000,
      "output_tokens": 2000,
      "ttft": 234.1984995561652,
      "e2el": 372.1348324851133
    },
    "request_id 24": {
      "prompt_tokens": 10000,
      "output_tokens": 2000,
      "ttft": 235.13743749586865,
      "e2el": 373.48149542696774
    },
    "request_id 25": {
      "prompt_tokens": 10000,
      "output_tokens": 2000,
      "ttft": 236.15035401284695,
      "e2el": 375.16580302268267
    },
    "request_id 26": {
      "prompt_tokens": 10000,
      "output_tokens": 2000,
      "ttft": 234.42741692299023,
      "e2el": 371.9846109999344
    },
    "request_id 27": {
      "prompt_tokens": 10000,
      "output_tokens": 2000,
      "ttft": 236.33465147810057,
      "e2el": 375.4205131912604
    },
    "request_id 28": {
      "prompt_tokens": 10000,
      "output_tokens": 2000,
      "ttft": 235.55283114686608,
      "e2el": 373.870417593047
    },
    "request_id 29": {
      "prompt_tokens": 10000,
      "output_tokens": 2000,
      "ttft": 235.7957583279349,
      "e2el": 374.28172997478396
    },
    "request_id 30": {
      "prompt_tokens": 10000,
      "output_tokens": 2000,
      "ttft": 235.75595559179783,
      "e2el": 375.0202748607844
    },
    "request_id 31": {
      "prompt_tokens": 10000,
      "output_tokens": 2000,
      "ttft": 235.92415262339637,
      "e2el": 373.5726804966107
    },
    "request_id 32": {
      "prompt_tokens": 10000,
      "output_tokens": 2000,
      "ttft": 235.96193309221417,
      "e2el": 375.27154987631366
    },
    "request_id 33": {
      "prompt_tokens": 10000,
      "output_tokens": 2000,
      "ttft": 236.01016623480245,
      "e2el": 374.3901795055717
    },
    "request_id 34": {
      "prompt_tokens": 10000,
      "output_tokens": 2000,
      "ttft": 236.00446397066116,
      "e2el": 374.9428343749605
    },
    "request_id 35": {
      "prompt_tokens": 10000,
      "output_tokens": 2000,
      "ttft": 236.22072399919853,
      "e2el": 375.4468732732348
    },
    "request_id 36": {
      "prompt_tokens": 10000,
      "output_tokens": 2000,
      "ttft": 236.0812288741581,
      "e2el": 374.29917302075773
    },
    "request_id 37": {
      "prompt_tokens": 10000,
      "output_tokens": 2000,
      "ttft": 236.45997029263526,
      "e2el": 375.8570531657897
    },
    "request_id 38": {
      "prompt_tokens": 10000,
      "output_tokens": 2000,
      "ttft": 236.17808085214347,
      "e2el": 374.9026483660564
    },
    "request_id 39": {
      "prompt_tokens": 10000,
      "output_tokens": 2000,
      "ttft": 236.65777551196516,
      "e2el": 375.6505602719262
    },
    "request_id 40": {
      "prompt_tokens": 10000,
      "output_tokens": 2000,
      "ttft": 236.53094278974459,
      "e2el": 375.70656576380134
    },
    "request_id 41": {
      "prompt_tokens": 10000,
      "output_tokens": 2000,
      "ttft": 236.52385800099,
      "e2el": 375.03054662793875
    },
    "request_id 42": {
      "prompt_tokens": 10000,
      "output_tokens": 2000,
      "ttft": 236.71468496415764,
      "e2el": 376.2022250313312
    },
    "request_id 43": {
      "prompt_tokens": 10000,
      "output_tokens": 2000,
      "ttft": 236.46360205719247,
      "e2el": 375.0084213842638
    },
    "request_id 44": {
      "prompt_tokens": 10000,
      "output_tokens": 2000,
      "ttft": 236.8058091630228,
      "e2el": 376.28593553369865
    },