{
  "summary": {
    "completed": 100,
    "failed": 0,
    "total_input_tokens": 1000000,
    "total_output_tokens": 200000,
    "request_throughput": 0.021289675707571943,
    "output_throughput": 42.57935141514388,
    "total_token_throughput": 255.4761084908633,
    "mean_ttft_ms": 226620.20055732224,
    "median_ttft_ms": 236811.19201309048,
    "std_ttft_ms": 43307.61996791539,
    "p99_ttft_ms": 246549.69317060898,
    "mean_tpot_ms": 68.97970671887104,
    "median_tpot_ms": 69.33256419745459,
    "std_tpot_ms": 3.281351390815646,
    "p99_tpot_ms": 75.54389461045909,
    "mean_itl_ms": 68.97970693775049,
    "median_itl_ms": 62.9542488604784,
    "std_itl_ms": 327.3618070973059,
    "p99_itl_ms": 81.6261476976797,
    "avg_gpu_util_%": 100.0,
    "max_gpu_util_%": 100.0,
    "min_gpu_util_%": 100.0,
    "avg_gpu_memory_used_mb": 77719.20391656023,
    "max_gpu_memory_used_mb": 77890.0,
    "avg_gpu_memory_free_mb": 3321.562792677735,
    "min_gpu_memory_free_mb": 3147.0
  },
  "requests": {
    "request_id 0": {
      "prompt_tokens": 10000,
      "output_tokens": 2000,
      "ttft": 1.099604438059032,
      "e2el": 115.7863630708307
    },
    "request_id 1": {
      "prompt_tokens": 10000,
      "output_tokens": 2000,
      "ttft": 2.878104131668806,
      "e2el": 118.12771504186094
    },
    "request_id 2": {
      "prompt_tokens": 10000,
      "output_tokens": 2000,
      "ttft": 2.87317120609805,
      "e2el": 173.9975241171196
    },
    "request_id 3": {
      "prompt_tokens": 10000,
      "output_tokens": 2000,
      "ttft": 118.12161420285702,
      "e2el": 239.1106326696463
    },
    "request_id 4": {
      "prompt_tokens": 10000,
      "output_tokens": 2000,
      "ttft": 119.24223427800462,
      "e2el": 251.66136473836377
    },
    "request_id 5": {
      "prompt_tokens": 10000,
      "output_tokens": 2000,
      "ttft": 176.10837469482794,
      "e2el": 326.9174679396674
    },
    "request_id 6": {
      "prompt_tokens": 10000,
      "output_tokens": 2000,
      "ttft": 241.1730221840553,
      "e2el": 362.55173629522324
    },
    "request_id 7": {
      "prompt_tokens": 10000,
      "output_tokens": 2000,
      "ttft": 252.58848939603195,
      "e2el": 402.6558516146615
    },
    "request_id 8": {
      "prompt_tokens": 10000,
      "output_tokens": 2000,
      "ttft": 213.31983622908592,
      "e2el": 348.7232042220421
    },
    "request_id 9": {
      "prompt_tokens": 10000,
      "output_tokens": 2000,
      "ttft": 246.488695228938,
      "e2el": 376.23977809306234
    },
    "request_id 10": {
      "prompt_tokens": 10000,
      "output_tokens": 2000,
      "ttft": 230.75364713696763,
      "e2el": 378.2851570630446
    },
    "request_id 11": {
      "prompt_tokens": 10000,
      "output_tokens": 2000,
      "ttft": 227.47868104605004,
      "e2el": 355.2620477047749
    },
    "request_id 12": {
      "prompt_tokens": 10000,
      "output_tokens": 2000,
      "ttft": 244.76176482159644,
      "e2el": 387.54623159440234
    },
    "request_id 13": {
      "prompt_tokens": 10000,
      "output_tokens": 2000,
      "ttft": 227.44536947319284,
      "e2el": 364.45861465483904
    },
    "request_id 14": {
      "prompt_tokens": 10000,
      "output_tokens": 2000,
      "ttft": 233.88564213784412,
      "e2el": 368.9795154235326
    },
    "request_id 15": {
      "prompt_tokens": 10000,
      "output_tokens": 2000,
      "ttft": 238.62896214518696,
      "e2el": 380.1977042881772
    },
    "request_id 16": {
      "prompt_tokens": 10000,
      "output_tokens": 2000,
      "ttft": 228.98615301121026,
      "e2el": 362.74769104924053
    },
    "request_id 17": {
      "prompt_tokens": 10000,
      "output_tokens": 2000,
      "ttft": 239.2574542518705,
      "e2el": 379.18761611683294
    },
    "request_id 18": {
      "prompt_tokens": 10000,
      "output_tokens": 2000,
      "ttft": 232.69115765905008,
      "e2el": 370.22468803077936
    },
    "request_id 19": {
      "prompt_tokens": 10000,
      "output_tokens": 2000,
      "ttft": 234.96955347480252,
      "e2el": 371.8504579481669
    },
    "request_id 20": {
      "prompt_tokens": 10000,
      "output_tokens": 2000,
      "ttft": 236.43515537213534,
      "e2el": 376.01347373751923
    },
    "request_id 21": {
      "prompt_tokens": 10000,
      "output_tokens": 2000,
      "ttft": 233.2048791567795,
      "e2el": 369.11431082477793
    },
    "request_id 22": {
      "prompt_tokens": 10000,
      "output_tokens": 2000,
      "ttft": 236.77105914521962,
      "e2el": 376.3365264539607
    },
    "request_id 23": {
      "prompt_tokens": 10000,
      "output_tokens": 2000,
      "ttft": 234.44372849399224,
      "e2el": 372.18682339414954
    },
    "request_id 24": {
      "prompt_tokens": 10000,
      "output_tokens": 2000,
      "ttft": 235.35283869877458,
      "e2el": 373.48422497091815
    },
    "request_id 25": {
      "prompt_tokens": 10000,
      "output_tokens": 2000,
      "ttft": 236.43412623601034,
      "e2el": 375.3671938441694
    },
    "request_id 26": {
      "prompt_tokens": 10000,
      "output_tokens": 2000,
      "ttft": 234.65400572912768,
      "e2el": 371.9812693600543
    },
    "request_id 27": {
      "prompt_tokens": 10000,
      "output_tokens": 2000,
      "ttft": 236.6264014854096,
      "e2el": 375.5816416554153
    },
    "request_id 28": {
      "prompt_tokens": 10000,
      "output_tokens": 2000,
      "ttft": 235.79651348898187,
      "e2el": 373.9150068657473
    },
    "request_id 29": {
      "prompt_tokens": 10000,
      "output_tokens": 2000,
      "ttft": 236.08259389409795,
      "e2el": 374.34674388403073
    },
    "request_id 30": {
      "prompt_tokens": 10000,
      "output_tokens": 2000,
      "ttft": 236.02529260888696,
      "e2el": 375.11291418178007
    },
    "request_id 31": {
      "prompt_tokens": 10000,
      "output_tokens": 2000,
      "ttft": 236.1748536718078,
      "e2el": 373.5654650339857
    },
    "request_id 32": {
      "prompt_tokens": 10000,
      "output_tokens": 2000,
      "ttft": 236.21288763498887,
      "e2el": 375.40817344002426
    },
    "request_id 33": {
      "prompt_tokens": 10000,
      "output_tokens": 2000,
      "ttft": 236.18374764965847,
      "e2el": 374.4233094053343
    },
    "request_id 34": {
      "prompt_tokens": 10000,
      "output_tokens": 2000,
      "ttft": 236.2374807940796,
      "e2el": 374.99544071406126
    },
    "request_id 35": {
      "prompt_tokens": 10000,
      "output_tokens": 2000,
      "ttft": 236.44884948804975,
      "e2el": 375.55984705733135
    },
    "request_id 36": {
      "prompt_tokens": 10000,
      "output_tokens": 2000,
      "ttft": 236.3068731976673,
      "e2el": 374.3556376178749
    },
    "request_id 37": {
      "prompt_tokens": 10000,
      "output_tokens": 2000,
      "ttft": 236.72230400890112,
      "e2el": 376.00759125407785
    },
    "request_id 38": {
      "prompt_tokens": 10000,
      "output_tokens": 2000,
      "ttft": 236.47572723822668,
      "e2el": 375.02320274244994
    },
    "request_id 39": {
      "prompt_tokens": 10000,
      "output_tokens": 2000,
      "ttft": 236.9655241202563,
      "e2el": 375.78633784363046
    },
    "request_id 40": {
      "prompt_tokens": 10000,
      "output_tokens": 2000,
      "ttft": 236.81194584304467,
      "e2el": 375.8413312518969
    },
    "request_id 41": {
      "prompt_tokens": 10000,
      "output_tokens": 2000,
      "ttft": 236.77462870581076,
      "e2el": 375.07413439592347
    },
    "request_id 42": {
      "prompt_tokens": 10000,
      "output_tokens": 2000,
      "ttft": 237.02936378587037,
      "e2el": 376.3444774867967
    },
    "request_id 43": {
      "prompt_tokens": 10000,
      "output_tokens": 2000,
      "ttft": 236.71889695478603,
      "e2el": 375.0512268701568
    },
    "request_id 44": {
      "prompt_tokens": 10000,
      "output_tokens": 2000,
      "ttft": 237.02416157815605,
      "e2el": 376.3839551382698
    },